code,P_BILABIALS,P_CLICKS,P_CODAS,P_COMPLEX_CODAS,P_COMPLEX_ONSETS,P_EJECTIVES,P_FRICATIVES,P_FRONT_ROUND_VOWELS,P_GLOTTALIZED_RESONANTS,P_IMPLOSIVES,P_LABIAL_VELARS,P_LATERALS,P_LATERAL_L,P_LATERAL_OBSTRUENTS,P_NASALS,P_NASAL_VOWELS,P_PHARYNGEALS,P_TH,P_TONE,P_UVULAR_CONTINUANTS,P_UVULAR_STOPS,P_VELAR_NASAL,P_VELAR_NASAL_INITIAL,P_VOICE,P_VOICED_FRICATIVES,P_VOICED_PLOSIVES
aal,1,0,0.5,0.5,1,1,1,0,0,1,1,1,1,0,1,0,0,0,1,0,0,0.5,0.5,1,0,1
abj,0.5,0.5,0.5,0.5,0.5,0.5,0.5,0.5,0.5,0.5,0.5,0.5,0.5,0.5,0.5,0.5,0.5,0.5,0.5,0.5,0.5,1,1,0.5,0.5,0.5
abk,1,0,0.5,0.5,1,1,1,0,0,0,0,1,1,0,1,0,1,0,0,0,1,0,0,1,1,1
abq,0.5,0.5,0.5,0.5,0.5,0.5,0.5,0.5,0.5,0.5,0.5,0.5,0.5,0.5,0.5,0.5,0.5,0.5,0.5,0.5,0.5,0,0,0.5,0.5,0.5
aci,0.5,0.5,0.5,0.5,0.5,0.5,0.5,0.5,0.5,0.5,0.5,0.5,0.5,0.5,0.5,0.5,0.5,0.5,0.5,0.5,0.5,1,1,0.5,0.5,0.5
acv,1,0,0.5,0.5,0.5,0,1,0,0,0,0,1,1,0,1,0.5,0,0,1,1,1,0.5,0.5,0,0,0
ady,0.5,0.5,0.5,0.5,0.5,0.5,0.5,0.5,0.5,0.5,0.5,0.5,0.5,0.5,0.5,0.5,0.5,0.5,0.5,0.5,0.5,0,0,0.5,0.5,0.5
adz,1,0,0.5,0.5,0.5,0,1,0,0,0,0,0,0,0,1,0.5,0,0,0.5,0,0,0.5,0.5,1,0,1
aer,1,0,0.5,0,1,0,0,0,0,0,0,1,1,0,1,0.5,0,0,0,0,0,0.5,0.5,0,0,0
aey,1,0,0.5,0,1,0,1,0,0,0,1,1,1,0,1,0,0,0,0,0,0,0,0,1,0,1
agm,1,0,0.5,0,1,0,0,0,0,0,0,1,0,0,1,0.5,0,0,1,0,0,0.5,0.5,0,0,0
agq,1,0,0.5,0,1,0,1,0,0,0,1,1,1,0,1,0.5,0,0,1,0,0,0.5,0.5,1,1,1
agr,0.5,0.5,0.5,0.5,0.5,0.5,0.5,0.5,0.5,0.5,0.5,0.5,0.5,0.5,0.5,0.5,0.5,0.5,0.5,0.5,0.5,1,0,0.5,0.5,0.5
agu,0.5,0.5,0.5,0.5,0.5,0.5,0.5,0.5,0.5,0.5,0.5,0.5,0.5,0.5,0.5,0.5,0.5,0.5,0.5,0.5,0.5,0,0,0.5,0.5,0.5
ahg,0.5,0.5,0.5,0.5,0.5,0.5,0.5,0.5,0.5,0.5,0.5,0.5,0.5,0.5,0.5,0,0.5,0.5,0.5,0.5,0.5,0.5,0.5,0.5,0.5,0.5
ahp,1,0,0.5,0.5,1,0,1,0,0,1,1,1,1,0,1,0.5,0,0,0.5,0,0,0.5,0.5,1,1,1
aht,1,0,0.5,0.5,1,1,1,0,0,0,0,1,0,1,1,0.5,0,0,0,1,1,0.5,0.5,1,1,0
ain,1,0,0.5,0,1,0,1,0,0,0,0,0,0,0,1,0,0,0,1,0,0,0,0,0,0,0
aka,1,0,0.5,0,1,0,1,0,0,0,0,0,0,0,1,0.5,0,0,1,0,0,0.5,0.5,1,0,1
ake,1,0,0.5,0,1,0,1,0,0,0,0,0,0,0,1,0.5,0,0,0,0,0,0.5,0.5,1,1,1
akv,0.5,0.5,0.5,0.5,0.5,0.5,0.5,0.5,0.5,0.5,0.5,0.5,0.5,0.5,0.5,0.5,0.5,0.5,0.5,0.5,0.5,0,0,0.5,0.5,0.5
akx,0.5,0.5,0.5,0.5,0.5,0.5,0.5,0.5,0.5,0.5,0.5,0.5,0.5,0.5,0.5,0.5,0.5,0.5,0.5,0.5,0.5,1,1,0.5,0.5,0.5
akz,1,0,0.5,0.5,0.5,0,1,0,0,0,0,1,1,1,1,0.5,0,0,0.5,0,0,0,0,1,0,1
alc,1,0,0.5,0.5,1,1,1,0,0,0,0,1,1,0,1,0,0,0,0,0,0,0.5,0.5,0,0,0
ald,1,0,0.5,0,1,0,1,0,0,0,1,1,1,0,1,0.5,0,0,1,0,0,0.5,0.5,1,1,1
ale,0.5,0.5,0.5,0.5,0.5,0.5,0.5,0.5,0.5,0.5,0.5,0.5,0.5,0.5,0.5,0.5,0.5,0.5,0.5,0.5,0.5,1,1,0.5,0.5,0.5
alh,1,0,0.5,0.5,1,0,0,0,0,0,0,1,1,0,1,0.5,0,0,0,0,0,0.5,0.5,0,0,0
alo,0.5,0.5,0.5,0.5,0.5,0.5,0.5,0.5,0.5,0.5,0.5,0.5,0.5,0.5,0.5,0.5,0.5,0.5,0.5,0.5,0.5,1,0,0.5,0.5,0.5
alp,0.5,0.5,0.5,0.5,0.5,0.5,0.5,0.5,0.5,0.5,0.5,0.5,0.5,0.5,0.5,0.5,0.5,0.5,0.5,0.5,0.5,0,0,0.5,0.5,0.5
alr,0.5,0.5,0.5,0.5,0.5,0.5,0.5,0.5,0.5,0.5,0.5,0.5,0.5,0.5,0.5,0.5,0.5,0.5,0.5,0.5,0.5,1,1,0.5,0.5,0.5
als,1,0,0.5,0.5,1,0,1,1,0,0,0,1,1,0,1,0.5,0,1,0,0,0,0,0,1,1,1
alt,0.5,0.5,0.5,0.5,0.5,0.5,0.5,0.5,0.5,0.5,0.5,0.5,0.5,0.5,0.5,0.5,0.5,0.5,0.5,0.5,0.5,1,0,0.5,0.5,0.5
amc,1,0,0.5,0.5,0.5,0,1,0,0,0,0,0,0,0,1,1,0,1,0.5,0,0,0.5,0.5,0,0,0
ame,1,0,0.5,0,1,0,1,0,0,0,0,1,0,0,1,0.5,0,0,0,0,0,0,0,1,1,0
amf,1,0,0.5,0,1,1,1,0,0,1,0,1,1,0,1,0.5,0,0,1,0,1,0.5,0.5,1,1,1
amh,1,0,0.5,0,1,1,1,0,0,0,0,1,1,0,1,0.5,0,0,0,0,0,0,0,1,0,1
amn,0.5,0.5,0.5,0.5,0.5,0.5,0.5,0.5,0.5,0.5,0.5,0.5,0.5,0.5,0.5,0.5,0.5,0.5,0.5,0.5,0.5,1,0,0.5,0.5,0.5
amo,1,0,0.5,0,1,0,1,0,0,0,1,1,1,0,1,0.5,0,0,1,0,0,0.5,0.5,1,1,1
amp,1,0,0.5,0.5,1,0,1,0,0,0,0,0,0,0,1,0,0,0,0,0,0,0,0,1,0,1
amu,1,0,0.5,0.5,1,0,1,0,0,0,0,1,1,0,1,0.5,0,0,1,0,0,0,0,0,0,0
anc,1,0,0.5,0.5,1,0,1,0,0,1,0,1,1,0,1,0.5,0,0,1,0,0,0.5,0.5,1,1,1
ano,1,0,0,0,0,0,1,0,0,0,0,0,0,0,0,0.5,0,0,1,0,0,0,0,1,0,1
ape,1,0,0.5,0,1,0,1,0,0,0,0,1,1,0,1,0,0,0,0,0,0,0,0,1,0,1
apn,1,0,0.5,0.5,0.5,0,1,0,0,0,0,0,0,0,1,0.5,0,0,0,0,0,0.5,0.5,0,0,0
apq,1,0,0.5,0,1,0,0,0,0,0,0,1,0,0,1,0.5,0,0,0,0,0,0.5,0.5,1,0,1
apu,1,0,0,0,0,0,1,0,0,0,0,0,0,0,1,1,0,0,0,0,0,0,0,0,0,0
aqc,1,0,0.5,0.5,1,1,1,0,0,0,0,1,1,1,1,0.5,1,0,0,1,1,0,0,1,1,1
arh,1,0,0.5,0,1,0,1,0,0,0,0,0,0,0,1,0.5,0,0,0,0,0,0,0,1,0,1
arl,1,0,0.5,0,1,0,1,0,0,0,0,0,0,0,1,0.5,0,0,0,0,0,0,0,0,0,0
arn,1,0,0.5,0,1,0,1,0,0,0,0,1,1,0,1,0,0,1,0,0,0,1,1,0,0,0
aro,1,0,0,0,0,0,1,0,0,0,0,1,1,0,1,0,0,0,0,0,0,0,0,1,1,1
arp,0.5,0.5,0.5,0.5,0.5,0.5,0.5,0.5,0.5,0.5,0.5,0.5,0.5,0.5,0.5,0.5,0.5,0.5,0.5,0.5,0.5,0,0,0.5,0.5,0.5
arw,0.5,0.5,0.5,0.5,0.5,0.5,0.5,0.5,0.5,0.5,0.5,0.5,0.5,0.5,0.5,0.5,0.5,0.5,0.5,0.5,0.5,0,0,0.5,0.5,0.5
ary,0.5,0.5,0.5,0.5,0.5,0.5,0.5,0.5,0.5,0.5,0.5,0.5,0.5,0.5,0.5,0.5,0.5,0.5,0.5,0.5,0.5,0,0,0.5,0.5,0.5
arz,1,0,0.5,0.5,1,0,1,0,0,0,0,1,1,0,1,0,1,0,0,1,1,0,0,1,1,1
atw,0.5,0.5,0.5,0.5,0.5,0.5,0.5,0.5,0.5,0.5,0.5,0.5,0.5,0.5,0.5,0.5,0.5,0.5,0.5,0.5,0.5,1,0,0.5,0.5,0.5
auc,1,0,0,0,0,0,0,0,0,0,0,0,0,0,1,0.5,0,0,0,0,0,0.5,0.5,1,0,1
ava,1,0,0.5,0.5,1,1,1,0,0,0,0,1,1,1,1,0.5,1,0,0,1,1,0.5,0.5,1,1,1
avn,0.5,0.5,0.5,0.5,0.5,0.5,0.5,0.5,0.5,0.5,0.5,0.5,0.5,0.5,0.5,1,0.5,0.5,0.5,0.5,0.5,0.5,0.5,0.5,0.5,0.5
awn,1,0,0.5,0,1,0,1,0,0,0,0,1,1,0,1,0.5,0,0,1,0,1,1,0,1,1,1
axb,1,0,0.5,0.5,1,0,1,0,0,0,0,1,1,0,1,0,0,0,0.5,1,1,0,0,0,0,0
axk,0.5,0.5,0.5,0.5,0.5,0.5,0.5,0.5,0.5,0.5,0.5,0.5,0.5,0.5,0.5,0,0.5,0.5,0.5,0.5,0.5,0.5,0.5,0.5,0.5,0.5
ayr,1,0,0.5,0,1,1,1,0,0,0,0,1,1,0,1,0.5,0,0,0,1,1,0,0,0,0,0
ayz,1,0,0,0,0,0,1,0,0,0,0,0,0,0,1,0,0,0,0,0,0,0,0,0,0,0
azb,1,0,0.5,0,1,0,1,1,0,0,0,1,1,0,1,0.5,0,0,0,0,0,0,0,1,1,1
bak,1,0,0.5,0.5,1,0,1,1,0,0,0,1,1,0,1,0.5,0,1,0,1,1,1,0,1,1,1
bam,1,0,0,0,0,0,1,0,0,0,0,1,1,0,1,0.5,0,0,1,0,0,1,1,1,1,1
bao,1,0,0,0,0,0,1,0,0,0,0,0,0,0,0,0.5,0,0,1,0,0,0.5,0.5,1,0,1
bba,1,0,0.5,0.5,0.5,0,1,0,0,0,1,1,1,0,1,0.5,0,0,1,0,0,0.5,0.5,1,1,1
bbc,1,0,0.5,0.5,0.5,0,1,0,0,0,0,1,1,0,1,0.5,0,0,0,0,0,0.5,0.5,1,0,1
bbl,1,0,0.5,0.5,1,1,1,0,0,0,0,1,1,1,1,0.5,1,0,0,1,1,0,0,1,1,1
bbo,1,0,0,0,0,0,1,0,0,0,1,1,1,0,1,0.5,0,0,1,0,0,0.5,0.5,1,1,1
bca,1,0,0.5,0,1,0,1,0,0,0,0,1,1,0,1,0.5,0,0,1,0,0,0.5,0.5,1,1,0
bci,0.5,0.5,0.5,0.5,0.5,0.5,0.5,0.5,0.5,0.5,0.5,0.5,0.5,0.5,0.5,1,0.5,0.5,0.5,0.5,0.5,0.5,0.5,0.5,0.5,0.5
bcj,1,0,0.5,0.5,1,0,0,0,0,0,0,1,1,0,1,0.5,0,0,0,0,0,0.5,0.5,0,0,0
bcs,1,0,0.5,0.5,0.5,0,1,0,0,1,1,0,0,0,1,0.5,0,0,1,0,0,0.5,0.5,1,1,1
bcw,0.5,0.5,0.5,0.5,0.5,0.5,0.5,0.5,0.5,0.5,0.5,0.5,0.5,0.5,0.5,0,0.5,0.5,0.5,0.5,0.5,0.5,0.5,0.5,0.5,0.5
bdk,0.5,0.5,0.5,0.5,0.5,0.5,0.5,0.5,0.5,0.5,0.5,0.5,0.5,0.5,0.5,0.5,0.5,0.5,0.5,0.5,0.5,0,0,0.5,0.5,0.5
bdl,1,0,0.5,0,1,0,1,0,0,0,0,1,1,0,1,0.5,0,0,0,0,0,0.5,0.5,1,0,1
bdy,0.5,0.5,0.5,0.5,0.5,0.5,0.5,0.5,0.5,0.5,0.5,0.5,0.5,0.5,0.5,0.5,0.5,0.5,0.5,0.5,0.5,1,1,0.5,0.5,0.5
bej,1,0,0.5,0.5,1,0,1,0,0,0,0,1,1,0,1,0.5,0,0,1,0,0,0,0,1,0,1
ben,1,0,0.5,0.5,1,0,1,0,0,0,0,1,1,0,1,0.5,0,0,0,0,0,0.5,0.5,1,0,1
beq,1,0,0.5,0,1,0,1,0,0,0,0,1,1,0,1,0.5,0,0,1,0,0,0.5,0.5,1,1,0
bev,1,0,0.5,0,1,0,1,0,0,1,1,1,1,0,1,0.5,0,0,1,0,0,0.5,0.5,1,1,1
bex,0.5,0.5,0.5,0.5,0.5,0.5,0.5,0.5,0.5,0.5,0.5,0.5,0.5,0.5,0.5,0.5,0.5,0.5,0.5,0.5,0.5,1,1,0.5,0.5,0.5
bfu,0.5,0.5,0.5,0.5,0.5,0.5,0.5,0.5,0.5,0.5,0.5,0.5,0.5,0.5,0.5,0.5,0.5,0.5,0.5,0.5,0.5,1,1,0.5,0.5,0.5
bgp,0.5,0.5,0.5,0.5,0.5,0.5,0.5,0.5,0.5,0.5,0.5,0.5,0.5,0.5,0.5,0.5,0.5,0.5,0.5,0.5,0.5,0,0,0.5,0.5,0.5
bgr,1,0,0.5,0,1,0,1,0,0,0,0,1,1,0,1,0.5,0,0,1,0,0,1,1,1,1,1
bhm,0.5,0.5,0.5,0.5,0.5,0.5,0.5,0.5,0.5,0.5,0.5,0.5,0.5,0.5,0.5,0.5,0.5,0.5,0.5,0.5,0.5,0,0,0.5,0.5,0.5
bhq,1,0,0,0,0,0,1,0,0,1,0,1,1,0,1,0,0,0,0,0,0,1,1,0,0,0
bib,1,0,0.5,0,1,0,1,0,0,0,0,1,1,0,1,0.5,0,0,0,0,0,0.5,0.5,1,1,1
bif,0.5,0.5,0.5,0.5,0.5,0.5,0.5,0.5,0.5,0.5,0.5,0.5,0.5,0.5,0.5,0,0.5,0.5,0.5,0.5,0.5,0.5,0.5,0.5,0.5,0.5
bkq,1,0,0,0,0,0,1,0,0,0,0,1,1,0,1,0.5,0,0,0,0,0,0.5,0.5,1,1,1
bla,0.5,0.5,0.5,0.5,0.5,0.5,0.5,0.5,0.5,0.5,0.5,0.5,0.5,0.5,0.5,0.5,0.5,0.5,0.5,0.5,0.5,0,0,0.5,0.5,0.5
blc,1,0,0.5,0.5,1,1,1,0,0,0,0,1,1,0,1,0.5,0,0,0,1,1,0.5,0.5,0,0,0
ble,0.5,0.5,0.5,0.5,0.5,0.5,0.5,0.5,0.5,0.5,0.5,0.5,0.5,0.5,0.5,0,0.5,0.5,0.5,0.5,0.5,0.5,0.5,0.5,0.5,0.5
bmi,1,0,0.5,0,1,0,1,0,0,1,0,1,1,0,1,1,0,0,1,0,0,1,1,1,0,1
bmr,1,0,0,0,0,0,1,0,0,0,0,0,0,0,1,0.5,0,0,1,0,0,0,0,1,1,1
boa,0.5,0.5,0.5,0.5,0.5,0.5,0.5,0.5,0.5,0.5,0.5,0.5,0.5,0.5,0.5,0.5,0.5,0.5,0.5,0.5,0.5,0,0,0.5,0.5,0.5
bod,1,0,0.5,0,1,0,1,1,0,0,0,1,1,0,1,0.5,0,0,1,0,0,0.5,0.5,1,0,1
bom,1,0,0.5,0,1,0,1,0,0,0,1,1,1,0,1,0.5,0,0,1,0,0,0.5,0.5,1,1,1
bor,1,0,0,0,0,0,0,0,0,0,0,0,0,0,1,0.5,0,0,0,0,0,0,0,1,0,1
brb,1,0,0.5,0.5,1,0,1,0,0,1,0,1,1,0,1,0.5,1,0,0.5,0,0,0.5,0.5,0,0,0
bre,1,0,0.5,0.5,1,0,1,1,0,0,0,1,1,0,1,0.5,0,0,0,0,0,0.5,0.5,1,1,1
brh,1,0,0.5,0.5,1,0,1,0,0,0,0,1,1,0,1,0,0,0,0,0,0,0,0,1,1,1
brv,1,0,0.5,0.5,1,0,1,0,0,0,0,1,1,0,1,0.5,0,0,0,0,0,0.5,0.5,1,0,1
brx,1,0,0.5,0,1,0,1,0,0,0,0,1,1,0,1,0.5,0,0,1,0,0,0.5,0.5,1,1,1
bsc,0.5,0.5,0.5,0.5,0.5,0.5,0.5,0.5,0.5,0.5,0.5,0.5,0.5,0.5,0.5,0,0.5,0.5,0.5,0.5,0.5,0.5,0.5,0.5,0.5,0.5
bsk,1,0,0.5,0.5,1,0,1,0,0,0,0,1,1,0,1,1,0,0,0,1,1,1,0,1,1,1
bsn,0.5,0.5,0.5,0.5,0.5,0.5,0.5,0.5,0.5,0.5,0.5,0.5,0.5,0.5,0.5,1,0.5,0.5,0.5,0.5,0.5,0,0,0.5,0.5,0.5
btx,1,0,0.5,0,1,0,1,0,0,0,0,1,1,0,1,0,0,0,0,0,0,1,1,1,0,1
bul,1,0,0.5,0.5,1,0,1,0,0,0,0,1,1,0,1,0.5,0,0,0,0,0,0.5,0.5,1,1,1
bvr,1,0,0.5,0.5,1,0,0,0,0,0,0,1,1,0,1,0.5,0,0,0,0,0,0.5,0.5,0,0,0
bwu,0.5,0.5,0.5,0.5,0.5,0.5,0.5,0.5,0.5,0.5,0.5,0.5,0.5,0.5,0.5,1,0.5,0.5,0.5,0.5,0.5,0.5,0.5,0.5,0.5,0.5
bxm,0.5,0.5,0.5,0.5,0.5,0.5,0.5,0.5,0.5,0.5,0.5,0.5,0.5,0.5,0.5,0.5,0.5,0.5,0.5,0.5,0.5,1,0,0.5,0.5,0.5
byx,1,0,0.5,0,1,0,1,0,0,0,0,1,1,0,1,0.5,0,0,0,0,0,0.5,0.5,0,0,0
bzd,1,0,0.5,0.5,0.5,0,1,0,0,0,0,0,0,0,1,0.5,0,0,0.5,0,0,0,0,1,1,1
cab,0.5,0.5,0.5,0.5,0.5,0.5,0.5,0.5,0.5,0.5,0.5,0.5,0.5,0.5,0.5,0.5,0.5,0.5,0.5,0.5,0.5,0,0,0.5,0.5,0.5
cad,1,0,0.5,0,1,1,1,0,0,0,0,0,0,0,1,0.5,0,0,1,0,0,0.5,0.5,1,0,1
cag,1,0,0.5,0.5,0.5,1,1,0,0,0,0,1,1,0,1,0.5,0,0,0,0,0,0.5,0.5,0,0,0
car,1,0,0.5,0,1,0,1,0,0,0,0,0,0,0,1,0,0,0,0,0,0,0,0,1,0,1
cas,0.5,0.5,0.5,0.5,0.5,0.5,0.5,0.5,0.5,0.5,0.5,0.5,0.5,0.5,0.5,0.5,0.5,0.5,0.5,0.5,0.5,0,0,0.5,0.5,0.5
cat,1,0,0.5,0,1,0,1,0,0,0,0,1,1,0,1,0.5,0,0,0,0,0,0.5,0.5,1,1,1
cav,0.5,0.5,0.5,0.5,0.5,0.5,0.5,0.5,0.5,0.5,0.5,0.5,0.5,0.5,0.5,0.5,0.5,0.5,0.5,0.5,0.5,0,0,0.5,0.5,0.5
cbd,0.5,0.5,0.5,0.5,0.5,0.5,0.5,0.5,0.5,0.5,0.5,0.5,0.5,0.5,0.5,0.5,0.5,0.5,0.5,0.5,0.5,0,0,0.5,0.5,0.5
cbi,1,0,0.5,0.5,0.5,0,1,0,0,0,0,1,1,0,1,0.5,0,0,0.5,0,0,0.5,0.5,1,0,1
cbn,1,0,0.5,0.5,1,0,1,0,0,0,0,1,1,0,1,0.5,0,0,1,0,0,0.5,0.5,1,0,1
cbr,0.5,0.5,0.5,0.5,0.5,0.5,0.5,0.5,0.5,0.5,0.5,0.5,0.5,0.5,0.5,0.5,0.5,0.5,0.5,0.5,0.5,0,0,0.5,0.5,0.5
cbv,1,0,0.5,0,1,0,0,0,0,0,0,1,1,0,1,0.5,0,0,1,0,0,0.5,0.5,0,0,0
cco,0.5,0.5,0.5,0.5,0.5,0.5,0.5,0.5,0.5,0.5,0.5,0.5,0.5,0.5,0.5,0.5,0.5,0.5,0.5,0.5,0.5,1,1,0.5,0.5,0.5
cdo,1,0,0.5,0,1,0,1,1,0,0,0,1,1,0,1,0.5,0,0,1,0,0,0.5,0.5,0,0,0
cgg,1,0,0.5,0,1,0,1,0,0,0,0,0,0,0,1,0,0,0,1,0,0,0,0,1,1,1
cha,1,0,0.5,0,1,0,1,0,0,0,0,1,1,0,1,0,0,0,0,0,0,1,1,1,0,1
che,0.5,0.5,0.5,0.5,0.5,0.5,0.5,0.5,0.5,0.5,0.5,0.5,0.5,0.5,0.5,0.5,0.5,0.5,0.5,0.5,0.5,0,0,0.5,0.5,0.5
chf,0.5,0.5,0.5,0.5,0.5,0.5,0.5,0.5,0.5,0.5,0.5,0.5,0.5,0.5,0.5,0.5,0.5,0.5,0.5,0.5,0.5,0,0,0.5,0.5,0.5
chl,1,0,0.5,0.5,1,0,1,0,0,0,0,1,1,0,1,0,0,0,0,1,1,1,0,0,0,0
cho,0.5,0.5,0.5,0.5,0.5,0.5,0.5,0.5,0.5,0.5,0.5,0.5,0.5,0.5,0.5,0.5,0.5,0.5,0.5,0.5,0.5,0,0,0.5,0.5,0.5
chp,0,0,0.5,0,1,1,1,0,0,0,0,1,1,1,1,0.5,0,1,1,0,0,0.5,0.5,1,1,0
chq,1,0,0,0,0,0,1,1,1,0,0,1,1,0,1,1,0,1,1,0,0,0.5,0.5,1,1,0
chr,1,0,0.5,0,1,0,1,0,0,0,0,1,1,0,1,0.5,0,0,1,0,0,0.5,0.5,0,0,0
chv,1,0,0.5,0.5,1,0,1,1,0,0,0,1,1,0,1,0.5,0,0,0,0,0,0,0,1,1,1
cic,1,0,0.5,0,1,0,1,0,0,0,0,1,1,1,1,0.5,0,0,0,0,0,0.5,0.5,1,0,1
cid,0.5,0.5,0.5,0.5,0.5,0.5,0.5,0.5,0.5,0.5,0.5,0.5,0.5,0.5,0.5,0.5,0.5,0.5,0.5,0.5,0.5,0,0,0.5,0.5,0.5
cir,0.5,0.5,0.5,0.5,0.5,0.5,0.5,0.5,0.5,0.5,0.5,0.5,0.5,0.5,0.5,0.5,0.5,0.5,0.5,0.5,0.5,0,0,0.5,0.5,0.5
cja,1,0,0.5,0.5,1,0,1,0,0,1,0,1,1,0,1,0.5,0,0,1,0,0,0.5,0.5,0,0,0
cjh,1,0,0.5,0.5,1,1,1,0,0,0,0,1,1,0,1,0.5,0,0,0,1,1,0,0,0,0,0
cji,0.5,0.5,0.5,0.5,0.5,0.5,0.5,0.5,0.5,0.5,0.5,0.5,0.5,0.5,0.5,0.5,0.5,0.5,0.5,0.5,0.5,0,0,0.5,0.5,0.5
cjs,0.5,0.5,0.5,0.5,0.5,0.5,0.5,0.5,0.5,0.5,0.5,0.5,0.5,0.5,0.5,0.5,0.5,0.5,0.5,0.5,0.5,1,0,0.5,0.5,0.5
cjv,1,0,0.5,0.5,0.5,0,1,0,0,0,0,0,0,0,1,0.5,0,0,0.5,0,0,0.5,0.5,1,0,1
ckt,1,0,0.5,0.5,1,0,1,0,0,0,0,1,0,1,1,0,0,0,0,0,1,1,1,0,0,0
cku,1,0,0.5,0,1,0,1,0,0,0,0,1,1,1,1,1,0,0,1,0,0,0,0,1,0,1
cle,1,0,0.5,0,1,0,1,0,0,0,0,1,1,0,1,0.5,0,0,1,0,0,1,1,1,0,1
clm,0.5,0.5,0.5,0.5,0.5,0.5,0.5,0.5,0.5,0.5,0.5,0.5,0.5,0.5,0.5,0.5,0.5,0.5,0.5,0.5,0.5,1,1,0.5,0.5,0.5
clw,0.5,0.5,0.5,0.5,0.5,0.5,0.5,0.5,0.5,0.5,0.5,0.5,0.5,0.5,0.5,0.5,0.5,0.5,0.5,0.5,0.5,1,0,0.5,0.5,0.5
cmn,1,0,0.5,0,1,0,1,1,0,0,0,1,1,0,1,0,0,0,1,0,0,1,0,1,1,0
cni,1,0,0.5,0,1,0,1,0,0,0,0,0,0,0,1,0.5,0,0,0,0,0,0.5,0.5,0,0,0
coc,1,0,0.5,0.5,1,0,1,0,0,0,0,1,1,1,1,0,0,0,0,0,0,0,0,0,0,0
com,1,0,0.5,0,1,0,1,0,0,0,0,0,0,0,1,0,0,0,0,0,0,0,0,0,0,0
con,1,0,0.5,0.5,0.5,0,1,0,0,0,0,0,0,0,1,0.5,0,0,0.5,0,0,0.5,0.5,1,1,1
cou,1,0,0.5,0.5,0.5,0,1,0.5,0,1,0,1,1,0,1,0.5,0,0,1,0,0,0.5,0.5,1,1,1
crh,0.5,0.5,0.5,0.5,0.5,0.5,0.5,0.5,0.5,0.5,0.5,0.5,0.5,0.5,0.5,0.5,0.5,0.5,0.5,0.5,0.5,1,0,0.5,0.5,0.5
crk,1,0,0.5,0,1,0,1,0,0,0,0,0,0,0,1,0,0,0,0,0,0,0,0,0,0,0
crn,0.5,0.5,0.5,0.5,0.5,0.5,0.5,0.5,0.5,0.5,0.5,0.5,0.5,0.5,0.5,0.5,0.5,0.5,0.5,0.5,0.5,0,0,0.5,0.5,0.5
crw,0.5,0.5,0.5,0.5,0.5,0.5,0.5,0.5,0.5,0.5,0.5,0.5,0.5,0.5,0.5,0.5,0.5,0.5,0.5,0.5,0.5,1,1,0.5,0.5,0.5
csm,0.5,0.5,0.5,0.5,0.5,0.5,0.5,0.5,0.5,0.5,0.5,0.5,0.5,0.5,0.5,0.5,0.5,0.5,0.5,0.5,0.5,1,0,0.5,0.5,0.5
cso,0.5,0.5,0.5,0.5,0.5,0.5,0.5,0.5,0.5,0.5,0.5,0.5,0.5,0.5,0.5,0.5,0.5,0.5,0.5,0.5,0.5,1,1,0.5,0.5,0.5
csz,1,0,0.5,0.5,1,1,1,0,0,0,0,1,1,1,1,0,0,0,0,1,1,0,0,1,0,1
ctd,1,0,0.5,0,1,0,1,0,1,0,0,1,1,0,1,0.5,0,0,1,0,0,0.5,0.5,1,1,1
ctm,0.5,0.5,0.5,0.5,0.5,0.5,0.5,0.5,0.5,0.5,0.5,0.5,0.5,0.5,0.5,0,0.5,0.5,0.5,0.5,0.5,0.5,0.5,0.5,0.5,0.5
ctp,1,0,0.5,0.5,0.5,0,1,0,0,0,0,1,1,0,1,0.5,0,0,1,0,0,0.5,0.5,1,0,1
cub,1,0,0,0,0,0,1,0,0,0,0,0,0,0,0,0.5,0,1,1,0,0,0.5,0.5,1,0,1
cui,0.5,0.5,0.5,0.5,0.5,0.5,0.5,0.5,0.5,0.5,0.5,0.5,0.5,0.5,0.5,0.5,0.5,0.5,0.5,0.5,0.5,0,0,0.5,0.5,0.5
cya,0.5,0.5,0.5,0.5,0.5,0.5,0.5,0.5,0.5,0.5,0.5,0.5,0.5,0.5,0.5,0.5,0.5,0.5,0.5,0.5,0.5,0,0,0.5,0.5,0.5
cyb,1,0,0,0,0,0,1,0,0,0,0,0,0,0,1,1,0,0,0,0,0,0,0,1,0,1
daa,1,0,0.5,0,1,0,1,0,0,1,0,1,1,0,1,0.5,0,0,1,0,0,0.5,0.5,1,1,1
daf,1,0,0.5,0,1,0,1,0,0,1,1,1,1,0,1,0.5,0,0,1,0,0,0.5,0.5,1,1,1
dag,1,0,0.5,0,1,0,1,0,0,0,1,1,1,0,1,0,0,0,1,0,0,0.5,0.5,1,1,1
dai,0.5,0.5,0.5,0.5,0.5,0.5,0.5,0.5,0.5,0.5,0.5,0.5,0.5,0.5,0.5,1,0.5,0.5,0.5,0.5,0.5,0.5,0.5,0.5,0.5,0.5
daj,1,0,0.5,0,1,0,1,0,0,1,0,1,1,0,1,0.5,0,0,0,1,0,0.5,0.5,1,0,1
dal,1,1,0.5,0.5,0.5,1,1,0,0,1,0,1,1,1,1,0.5,1,1,1,0,0,0.5,0.5,1,1,1
dap,1,0,0.5,0.5,1,0,1,0,0,0,0,1,1,0,1,0.5,0,0,1,0,0,0.5,0.5,1,0,1
dbl,1,0,0.5,0,1,0,0,0,0,0,0,1,1,0,1,0.5,0,0,0,0,0,0.5,0.5,0,0,0
ddo,0.5,0.5,0.5,0.5,0.5,0.5,0.5,0.5,0.5,0.5,0.5,0.5,0.5,0.5,0.5,0.5,0.5,0.5,0.5,0.5,0.5,0,0,0.5,0.5,0.5
deu,1,0,0.5,0.5,1,0,1,1,0,0,0,1,1,0,1,0,0,0,0,1,0,1,0,1,1,1
dga,0.5,0.5,0.5,0.5,0.5,0.5,0.5,0.5,0.5,0.5,0.5,0.5,0.5,0.5,0.5,1,0.5,0.5,0.5,0.5,0.5,0.5,0.5,0.5,0.5,0.5
dgz,1,0,0.5,0,1,0,1,0,0,0,0,0,0,0,1,0,0,0,0.5,0,0,0,0,1,0,1
dhv,1,0,0.5,0,1,0,1,0,0,0,0,1,1,0,1,0,0,1,0,0,0,1,1,1,1,1
dif,1,0,0.5,0,1,0,0,0,0,0,0,1,1,0,1,0.5,0,0,0,0,0,0.5,0.5,0,0,0
dih,1,0,0.5,0.5,0.5,0,1,0,0,0,0,1,1,0,1,0.5,0,0,0,0,1,0.5,0.5,1,1,0
dip,1,0,0.5,0,1,0,0,0,0,0,0,1,1,0,1,0.5,0,0,1,0,0,0.5,0.5,1,0,1
djk,1,0,0.5,0,1,0,1,0,0,0,0,1,1,0,1,0,0,0,1,0,0,0,0,1,1,1
dlg,0.5,0.5,0.5,0.5,0.5,0.5,0.5,0.5,0.5,0.5,0.5,0.5,0.5,0.5,0.5,0.5,0.5,0.5,0.5,0.5,0.5,1,1,0.5,0.5,0.5
dni,1,0,0.5,0,1,0,1,0,0,0,0,1,1,0,1,0.5,0,0,0,0,0,1,0,0,0,0
dow,1,0,0.5,0.5,1,0,1,0,0,1,1,1,1,0,1,1,0,0,1,0,0,0.5,0.5,1,1,1
dru,1,0,0.5,0,1,0,1,0,0,0,0,1,1,0,1,0.5,0,1,0,0,0,0.5,0.5,1,1,1
dry,1,0,0.5,0,1,0,1,0,0,0,0,1,1,0,1,0.5,0,0,0,0,0,0.5,0.5,1,0,1
dta,1,0,0.5,0.5,1,0,1,1,0,0,0,1,1,0,1,0.5,0,0,0,0,0,1,0,1,1,1
dts,1,0,0,0,0,0,1,0,0,0,0,1,1,0,1,1,0,1,1,0,0,0.5,0.5,1,0,1
duj,1,0,0.5,0.5,1,0,0,0,0,0,0,1,1,0,1,0.5,0,0,0,0,0,0.5,0.5,0,0,0
dyo,1,0,0.5,0.5,1,0,1,0,0,0,0,1,1,0,1,0.5,0,0,0,0,0,1,1,1,0,1
efi,1,0,0.5,0,1,0,1,0,0,0,1,0,0,0,1,0.5,0,0,1,0,0,0.5,0.5,1,0,1
ega,0.5,0.5,0.5,0.5,0.5,0.5,0.5,0.5,0.5,0.5,0.5,0.5,0.5,0.5,0.5,0,0.5,0.5,0.5,0.5,0.5,0.5,0.5,0.5,0.5,0.5
eip,0.5,0.5,0.5,0.5,0.5,0.5,0.5,0.5,0.5,0.5,0.5,0.5,0.5,0.5,0.5,0,0.5,0.5,0.5,0.5,0.5,1,1,0.5,0.5,0.5
ekg,1,0,0,0,0,0,0,0,0,0,0,1,0,0,1,0,0,0,1,0,0,0.5,0.5,0,0,0
eky,1,0,0.5,0,1,0,1,0,0,0,0,1,1,0,1,0,0,0,1,0,0,1,1,1,0,1
ell,1,0,0.5,0.5,1,0,1,0,0,0,0,1,1,0,1,0,0,1,0,0,0,0,0,1,1,1
ema,0.5,0.5,0.5,0.5,0.5,0.5,0.5,0.5,0.5,0.5,0.5,0.5,0.5,0.5,0.5,1,0.5,0.5,0.5,0.5,0.5,0.5,0.5,0.5,0.5,0.5
emp,0.5,0.5,0.5,0.5,0.5,0.5,0.5,0.5,0.5,0.5,0.5,0.5,0.5,0.5,0.5,0.5,0.5,0.5,0.5,0.5,0.5,0,0,0.5,0.5,0.5
eng,1,0,0.5,0.5,1,0,1,0,0,0,0,1,1,0,1,0,0,1,0,0,0,1,0,1,1,1
enh,0.5,0.5,0.5,0.5,0.5,0.5,0.5,0.5,0.5,0.5,0.5,0.5,0.5,0.5,0.5,0.5,0.5,0.5,0.5,0.5,0.5,1,1,0.5,0.5,0.5
enq,0.5,0.5,0.5,0.5,0.5,0.5,0.5,0.5,0.5,0.5,0.5,0.5,0.5,0.5,0.5,0.5,0.5,0.5,0.5,0.5,0.5,1,1,0.5,0.5,0.5
ese,0.5,0.5,0.5,0.5,0.5,0.5,0.5,0.5,0.5,0.5,0.5,0.5,0.5,0.5,0.5,0.5,0.5,0.5,0.5,0.5,0.5,1,1,0.5,0.5,0.5
esq,0.5,0.5,0.5,0.5,0.5,0.5,0.5,0.5,0.5,0.5,0.5,0.5,0.5,0.5,0.5,0.5,0.5,0.5,0.5,0.5,0.5,0,0,0.5,0.5,0.5
ess,1,0,0.5,0,1,0,1,0,0,0,0,1,1,0,1,0.5,0,0,0,1,1,0.5,0.5,1,1,0
esu,0.5,0.5,0.5,0.5,0.5,0.5,0.5,0.5,0.5,0.5,0.5,0.5,0.5,0.5,0.5,0,0.5,0.5,0.5,0.5,0.5,1,1,0.5,0.5,0.5
ets,0.5,0.5,0.5,0.5,0.5,0.5,0.5,0.5,0.5,0.5,0.5,0.5,0.5,0.5,0.5,0.5,0.5,0.5,0.5,0.5,0.5,0,0,0.5,0.5,0.5
etu,1,0,0.5,0,1,0,1,1,0,0,1,0,0,0,1,0.5,0,0,1,0,0,0.5,0.5,1,0,1
eus,1,0,0.5,0.5,1,0,1,0,0,0,0,1,1,0,1,0,0,0,0,0,0,0,0,1,0,1
eve,1,0,0.5,0.5,0.5,0,1,0,0,0,0,1,1,0,1,0.5,0,0,0,0,0,1,1,1,0,1
evn,1,0,0.5,0,1,0,1,0,0,0,0,1,1,0,1,0,0,0,0,0,0,1,1,1,0,1
ewe,1,0,0.5,0,1,0,1,0,0,0,1,1,1,0,1,0.5,0,0,1,0,0,1,1,1,1,1
ewo,1,0,0.5,0,1,0,1,0,0,0,1,1,1,0,1,0.5,0,0,1,0,0,0.5,0.5,1,1,1
eya,0,0,0.5,0.5,1,1,1,0,0,0,0,1,1,1,0,0.5,0,0,0,1,1,0.5,0.5,1,0,1
faa,1,0,0,0,0,0,1,0,0,0,0,0,0,0,1,0.5,0,0,1,0,0,0.5,0.5,0,0,0
fia,1,0,0.5,0,1,0,1,0,0,0,0,1,1,0,1,0.5,0,0,1,0,0,0.5,0.5,1,0,1
fij,1,0,0,0,0,0,1,0,0,0,0,1,1,0,1,0,0,1,0,0,0,1,1,0,0,0
fin,1,0,0.5,0,1,0,1,1,0,0,0,1,1,0,1,0,0,0,0,0,0,1,0,1,1,1
fmp,1,0,0.5,0,1,0,1,0,0,0,0,0,0,0,1,0.5,0,0,1,0,0,0.5,0.5,1,1,1
fra,1,0,0.5,0.5,1,0,1,1,0,0,0,1,1,0,1,1,0,0,0,1,0,0,0,1,1,1
frd,0.5,0.5,0.5,0.5,0.5,0.5,0.5,0.5,0.5,0.5,0.5,0.5,0.5,0.5,0.5,0.5,0.5,0.5,0.5,0.5,0.5,1,1,0.5,0.5,0.5
fun,1,0,0.5,0.5,1,0,1,0,0,0,0,1,1,0,1,0.5,0,0,1,0,0,0.5,0.5,1,1,1
fut,0.5,0.5,0.5,0.5,0.5,0.5,0.5,0.5,0.5,0.5,0.5,0.5,0.5,0.5,0.5,0.5,0.5,0.5,0.5,0.5,0.5,1,1,0.5,0.5,0.5
fvr,1,0,0.5,0,1,0,1,0,0,0,0,1,1,0,1,0,0,0,1,0,0,1,1,1,0,1
fwa,1,0,0.5,0,1,0,1,0,0,0,0,1,1,0,1,0.5,0,0,1,0,0,0.5,0.5,1,1,0
gaa,1,0,0.5,0,1,0,1,0,0,0,1,1,1,0,1,0.5,0,0,1,0,0,0.5,0.5,1,1,1
gag,0.5,0.5,0.5,0.5,0.5,0.5,0.5,0.5,0.5,0.5,0.5,0.5,0.5,0.5,0.5,0.5,0.5,0.5,0.5,0.5,0.5,0,0,0.5,0.5,0.5
gaj,1,0,0.5,0,1,0,0,0,0,0,0,0,0,0,1,0.5,0,0,1,0,0,0.5,0.5,0,0,0
gbc,1,0,0.5,0,1,0,0,0,0,0,0,1,1,0,1,0.5,0,0,0,0,0,0.5,0.5,0,0,0
gbi,0.5,0.5,0.5,0.5,0.5,0.5,0.5,0.5,0.5,0.5,0.5,0.5,0.5,0.5,0.5,0.5,0.5,0.5,0.5,0.5,0.5,1,1,0.5,0.5,0.5
gbp,1,0,0.5,0,1,0,1,0,0,1,1,1,1,0,1,0.5,0,0,1,0,0,0.5,0.5,1,1,1
gbr,1,0,0.5,0.5,1,0,1,0,0,1,1,1,1,0,1,0.5,0,0,1,0,0,0.5,0.5,1,1,1
gdm,0.5,0.5,0.5,0.5,0.5,0.5,0.5,0.5,0.5,0.5,0.5,0.5,0.5,0.5,0.5,0,0.5,0.5,0.5,0.5,0.5,0.5,0.5,0.5,0.5,0.5
gdo,0.5,0.5,0.5,0.5,0.5,0.5,0.5,0.5,0.5,0.5,0.5,0.5,0.5,0.5,0.5,0.5,0.5,0.5,0.5,0.5,0.5,0,0,0.5,0.5,0.5
gdq,0.5,0.5,0.5,0.5,0.5,0.5,0.5,0.5,0.5,0.5,0.5,0.5,0.5,0.5,0.5,0.5,0.5,0.5,0.5,0.5,0.5,0,0,0.5,0.5,0.5
ged,0.5,0.5,0.5,0.5,0.5,0.5,0.5,0.5,0.5,0.5,0.5,0.5,0.5,0.5,0.5,0,0.5,0.5,0.5,0.5,0.5,0.5,0.5,0.5,0.5,0.5
gil,1,0,0.5,0,1,0,0,0,0,0,0,0,0,0,1,0,0,0,0,0,0,1,1,0,0,0
gin,0.5,0.5,0.5,0.5,0.5,0.5,0.5,0.5,0.5,0.5,0.5,0.5,0.5,0.5,0.5,0.5,0.5,0.5,0.5,0.5,0.5,0,0,0.5,0.5,0.5
gio,1,0,0.5,0,1,0,1,0,0,0,0,1,1,0,1,0.5,0,0,1,0,1,0.5,0.5,1,1,0
gld,1,0,0.5,0,1,0,1,0,0,0,0,1,1,0,1,0.5,0,0,0,0,0,1,1,1,0,1
gle,0.5,0.5,0.5,0.5,0.5,0.5,0.5,0.5,0.5,0.5,0.5,0.5,0.5,0.5,0.5,0,0.5,0.5,0.5,0.5,0.5,0,0,0.5,0.5,0.5
glj,0.5,0.5,0.5,0.5,0.5,0.5,0.5,0.5,0.5,0.5,0.5,0.5,0.5,0.5,0.5,1,0.5,0.5,0.5,0.5,0.5,0.5,0.5,0.5,0.5,0.5
gmm,0.5,0.5,0.5,0.5,0.5,0.5,0.5,0.5,0.5,0.5,0.5,0.5,0.5,0.5,0.5,1,0.5,0.5,0.5,0.5,0.5,0.5,0.5,0.5,0.5,0.5
gni,1,0,0.5,0,1,0,0,0,0,0,0,1,1,0,1,0,0,0,0,0,0,1,1,0,0,0
grj,1,0,0,0,0,0,1,0,0,0,1,1,1,0,1,1,0,0,1,0,0,1,1,1,0,1
grt,1,0,0.5,0,1,0,1,0,0,0,0,0,0,0,1,0,0,0,0,0,0,1,0,1,0,1
gru,0.5,0.5,0.5,0.5,0.5,0.5,0.5,0.5,0.5,0.5,0.5,0.5,0.5,0.5,0.5,0.5,0.5,0.5,0.5,0.5,0.5,0,0,0.5,0.5,0.5
gta,0.5,0.5,0.5,0.5,0.5,0.5,0.5,0.5,0.5,0.5,0.5,0.5,0.5,0.5,0.5,0.5,0.5,0.5,0.5,0.5,0.5,0,0,0.5,0.5,0.5
guc,1,0,0.5,0.5,0.5,0,1,0,0,0,0,1,0,0,1,0.5,0,0,0.5,0,0,0.5,0.5,0,0,0
gug,1,0,0,0,0,0,1,0,0,0,0,1,1,0,1,1,0,0,0,0,0,0,0,1,1,0
guh,1,0,0.5,0.5,0.5,0,1,0,0,0,0,1,1,0,1,0.5,0,0,0.5,0,0,0.5,0.5,1,1,1
guj,0.5,0.5,0.5,0.5,0.5,0.5,0.5,0.5,0.5,0.5,0.5,0.5,0.5,0.5,0.5,0.5,0.5,0.5,0.5,0.5,0.5,0,0,0.5,0.5,0.5
gum,1,0,0.5,0,1,0,1,0,0,0,0,1,1,0,1,0.5,0,0,0.5,0,0,0.5,0.5,0,0,0
guq,1,0,0,0,0,0,1,0,0,0,0,1,0,0,1,0.5,0,0,0.5,0,0,0.5,0.5,0,0,0
gvn,1,0,0.5,0,1,0,0,0,0,0,0,1,1,0,1,0.5,0,0,0,0,0,0.5,0.5,0,0,0
gvo,0.5,0.5,0.5,0.5,0.5,0.5,0.5,0.5,0.5,0.5,0.5,0.5,0.5,0.5,0.5,0.5,0.5,0.5,0.5,0.5,0.5,1,1,0.5,0.5,0.5
gwc,1,0,0.5,0,1,0,1,0,0,0,0,1,1,1,1,0.5,0,0,1,0,1,0.5,0.5,1,1,1
gya,0.5,0.5,0.5,0.5,0.5,0.5,0.5,0.5,0.5,0.5,0.5,0.5,0.5,0.5,0.5,1,0.5,0.5,0.5,0.5,0.5,0.5,0.5,0.5,0.5,0.5
gyd,1,0,0.5,0,1,0,0,0,0,0,0,1,1,0,1,0,0,0,0,0,0,1,1,0,0,0
hae,1,0,0.5,0,1,1,1,0,0,1,0,1,1,0,1,0,0,0,1,0,0,0,0,1,1,1
hak,1,0,0.5,0,1,0,1,0,0,0,0,1,1,0,1,0.5,0,0,1,0,0,0.5,0.5,0,0,0
hau,1,0,0.5,0,1,1,1,0,0,1,0,1,1,0,1,0,0,0,1,0,0,0,0,1,1,1
haw,1,0,0,0,0,0,0,0,0,0,0,1,1,0,1,0.5,0,0,0,0,0,0.5,0.5,0,0,0
hdn,1,0,0.5,0.5,1,1,1,0,1,0,0,1,1,1,1,0,0,0,0,1,1,0,0,0,0,0
heb,0.5,0.5,0.5,0.5,0.5,0.5,0.5,0.5,0.5,0.5,0.5,0.5,0.5,0.5,0.5,0,0.5,0.5,0.5,0.5,0.5,0,0,0.5,0.5,0.5
hid,0.5,0.5,0.5,0.5,0.5,0.5,0.5,0.5,0.5,0.5,0.5,0.5,0.5,0.5,0.5,0.5,0.5,0.5,0.5,0.5,0.5,0,0,0.5,0.5,0.5
hin,1,0,0.5,0.5,1,0,1,0,0,0,0,1,1,0,1,1,0,0,0,0,0,0,0,1,1,1
hix,1,0,0.5,0,1,0,1,0,0,0,0,1,0,0,1,0,0,0,0,0,0,0,0,1,0,1
hla,0.5,0.5,0.5,0.5,0.5,0.5,0.5,0.5,0.5,0.5,0.5,0.5,0.5,0.5,0.5,0.5,0.5,0.5,0.5,0.5,0.5,1,1,0.5,0.5,0.5
hmt,1,0,0.5,0.5,1,0,1,0,0,0,0,0,0,0,1,0.5,0,0,1,0,1,1,1,0,0,0
hnh,1,1,0.5,0,1,1,1,0,0,0,0,0,0,0,1,0.5,0,0,1,0,1,0.5,0.5,1,0,1
hnj,1,0,0.5,0,1,0,1,0,0,0,0,1,1,0,1,0.5,0,0,1,0,1,1,0,0,0,0
hop,1,0,0.5,0.5,1,0,1,1,0,0,0,0,0,0,1,0.5,0,0,1,0,1,0.5,0.5,0,0,0
hsf,1,0,0.5,0,1,1,1,0,0,0,0,1,1,0,1,0.5,0,1,0,0,0,0.5,0.5,0,0,0
hss,0.5,0.5,0.5,0.5,0.5,0.5,0.5,0.5,0.5,0.5,0.5,0.5,0.5,0.5,0.5,0,0.5,0.5,0.5,0.5,0.5,0,0,0.5,0.5,0.5
hts,1,1,0,0,0,1,1,0,0,0,0,1,1,1,1,0.5,0,0,1,0,0,0.5,0.5,1,0,1
hun,1,0,0.5,0.5,1,0,1,1,0,0,0,1,1,0,1,0,0,0,0,0,0,0,0,1,1,1
hup,1,0,0.5,0.5,1,1,1,0,0,0,0,1,1,1,1,0.5,0,0,0,0,1,0.5,0.5,0,0,0
huu,1,0,0,0,0,0,1,0,0,0,0,0,0,0,1,0.5,0,1,0,0,0,0.5,0.5,1,1,1
huv,1,0,0.5,0,1,0,1,0,0,0,0,1,1,0,1,0.5,0,1,1,0,0,0.5,0.5,1,0,1
huz,1,0,0.5,0,1,1,1,0,0,0,0,1,1,1,1,1,1,0,0,1,1,0,0,1,1,1
hye,1,0,0.5,0.5,0.5,1,1,0,0,0,0,1,1,0,1,0,0,0,0,1,0,0,0,1,1,0
iai,1,0,0.5,0,1,0,1,1,0,0,0,1,0,0,1,0.5,0,1,0,0,0,0.5,0.5,1,1,1
iba,1,0,0.5,0,1,0,1,0,0,0,0,1,1,0,1,0.5,0,0,0,0,0,0.5,0.5,1,0,1
ibo,1,0,0,0,0,0,1,0,0,0,1,1,1,0,1,0,0,0,1,0,0,1,1,1,1,1
igb,0.5,0.5,0.5,0.5,0.5,0.5,0.5,0.5,0.5,0.5,0.5,0.5,0.5,0.5,0.5,0,0.5,0.5,0.5,0.5,0.5,0.5,0.5,0.5,0.5,0.5
ign,1,0,0.5,0.5,0.5,0,1,0,0,0,0,1,1,0,1,0.5,0,0,0.5,0,0,0.5,0.5,1,0,1
ijc,1,0,0,0,0,0,1,0,0,0,1,1,1,0,1,0.5,0,0,1,0,0,0.5,0.5,1,1,1
ike,0.5,0.5,0.5,0.5,0.5,0.5,0.5,0.5,0.5,0.5,0.5,0.5,0.5,0.5,0.5,0.5,0.5,0.5,0.5,0.5,0.5,1,0,0.5,0.5,0.5
ikx,1,0,0.5,0.5,1,1,1,0,0,1,0,1,1,0,1,0.5,0,0,1,0,0,0.5,0.5,1,1,1
ilb,0.5,0.5,0.5,0.5,0.5,0.5,0.5,0.5,0.5,0.5,0.5,0.5,0.5,0.5,0.5,0,0.5,0.5,0.5,0.5,0.5,0.5,0.5,0.5,0.5,0.5
imn,1,0,0.5,0.5,1,0,1,0,0,0,0,1,1,0,1,0,0,0,0,0,0,0,0,0,0,0
ind,1,0,0.5,0.5,1,0,1,0,0,0,0,1,1,0,1,0,0,0,0,0,0,1,1,1,1,1
inh,1,0,0.5,0.5,1,1,1,0,0,0,0,1,1,0,1,0,1,0,0,1,1,0,0,1,1,1
irh,1,0,0.5,0,1,0,1,0,0,0,0,0,0,0,1,0.5,0,0,0,0,0,0.5,0.5,0,0,0
irk,1,0,0.5,0,1,1,1,0,0,1,0,1,1,1,1,0,1,0,1,0,1,1,1,1,0,1
irn,1,0,0.5,0,1,0,1,0,0,0,0,1,1,0,1,0.5,0,0,0,0,0,0.5,0.5,1,0,1
iso,1,0,0.5,0,1,0,1,0,0,0,1,1,1,0,1,0.5,0,0,1,0,0,0.5,0.5,1,1,1
itl,1,0,0.5,0.5,1,1,1,0,0,0,0,1,1,1,1,0.5,0,0,0.5,1,1,1,1,1,1,0
ito,1,0,0.5,0,1,1,1,0,0,0,0,1,1,0,1,0.5,0,0,0.5,0,0,0,0,1,0,1
ium,1,0,0.5,0.5,0.5,0,1,0,0,0,0,1,1,0,1,0.5,0,0,1,0,0,0.5,0.5,1,0,1
ivv,1,0,0.5,0,1,0,1,0,0,0,0,1,1,0,1,0.5,0,0,0,0,0,0.5,0.5,1,0,1
iwm,1,0,0.5,0.5,0.5,0,1,0,0,0,0,0,0,0,1,0.5,0,0,0.5,0,0,0.5,0.5,0,0,0
ixl,0.5,0.5,0.5,0.5,0.5,0.5,0.5,0.5,0.5,0.5,0.5,0.5,0.5,0.5,0.5,0.5,0.5,0.5,0.5,0.5,0.5,0,0,0.5,0.5,0.5
jai,1,0,0.5,0,1,1,1,0,0,0,0,1,1,0,1,0,0,0,0,1,1,0,0,0,0,0
jao,1,0,0.5,0,1,0,0,0,0,0,0,1,1,0,1,0.5,0,0,0,0,0,0.5,0.5,0,0,0
jav,1,0,0.5,0.5,0.5,0,1,0,0,0,0,1,1,0,1,0.5,0,0,0,0,0,0.5,0.5,0,0,0
jbt,0.5,0.5,0.5,0.5,0.5,0.5,0.5,0.5,0.5,0.5,0.5,0.5,0.5,0.5,0.5,0.5,0.5,0.5,0.5,0.5,0.5,0,0,0.5,0.5,0.5
jeb,1,0,0.5,0,1,1,1,0,1,0,0,1,1,0,1,0.5,0,0,0,0,0,0,0,0,0,0
jeh,1,0,0.5,0.5,1,0,1,0,0,1,0,1,1,0,1,0.5,0,0,0,0,0,0.5,0.5,1,0,1
jic,1,0,0.5,0,1,1,1,0,0,0,0,1,1,0,1,0.5,0,0,0,0,0,0.5,0.5,0,0,0
jiv,1,0,0.5,0.5,0.5,0,1,0,0,0,0,0,0,0,1,0.5,0,0,0.5,0,0,1,0,0,0,0
jmd,0.5,0.5,0.5,0.5,0.5,0.5,0.5,0.5,0.5,0.5,0.5,0.5,0.5,0.5,0.5,0.5,0.5,0.5,0.5,0.5,0.5,1,1,0.5,0.5,0.5
jpn,1,0,0.5,0,1,0,1,0,0,0,0,0,0,0,1,0,0,0,1,1,0,0,0,1,1,1
jqr,1,0,0.5,0,1,1,1,0,0,0,0,1,1,0,1,0,0,0,0,0,1,0.5,0.5,0,0,0
jru,1,0,0.5,0,1,0,1,0,0,0,0,1,0,0,1,0.5,0,0,0,0,0,0.5,0.5,1,0,1
juc,0.5,0.5,0.5,0.5,0.5,0.5,0.5,0.5,0.5,0.5,0.5,0.5,0.5,0.5,0.5,0.5,0.5,0.5,0.5,0.5,0.5,1,1,0.5,0.5,0.5
jup,0.5,0.5,0.5,0.5,0.5,0.5,0.5,0.5,0.5,0.5,0.5,0.5,0.5,0.5,0.5,0.5,0.5,0.5,0.5,0.5,0.5,0,0,0.5,0.5,0.5
jur,0.5,0.5,0.5,0.5,0.5,0.5,0.5,0.5,0.5,0.5,0.5,0.5,0.5,0.5,0.5,0.5,0.5,0.5,0.5,0.5,0.5,0,0,0.5,0.5,0.5
kaa,0.5,0.5,0.5,0.5,0.5,0.5,0.5,0.5,0.5,0.5,0.5,0.5,0.5,0.5,0.5,0.5,0.5,0.5,0.5,0.5,0.5,1,0,0.5,0.5,0.5
kac,1,0,0.5,0,1,0,1,0,0,0,0,1,1,0,1,0.5,0,0,1,0,0,0.5,0.5,1,0,1
kal,1,0,0.5,0,1,0,1,0,0,0,0,1,1,1,1,0,0,0,0,1,1,1,0,1,1,0
kan,1,0,0.5,0.5,1,0,1,0,0,0,0,1,1,0,1,0,0,0,0,0,0,0,0,1,0,1
kao,0.5,0.5,0.5,0.5,0.5,0.5,0.5,0.5,0.5,0.5,0.5,0.5,0.5,0.5,0.5,0,0.5,0.5,0.5,0.5,0.5,0.5,0.5,0.5,0.5,0.5
kap,0.5,0.5,0.5,0.5,0.5,0.5,0.5,0.5,0.5,0.5,0.5,0.5,0.5,0.5,0.5,0.5,0.5,0.5,0.5,0.5,0.5,0,0,0.5,0.5,0.5
kas,1,0,0.5,0.5,0.5,0,1,0,0,0,0,1,1,0,1,0.5,0,0,0,0,0,0.5,0.5,1,0,1
kat,1,0,0.5,0.5,1,1,1,0,0,0,0,1,0,0,1,0,0,0,0,1,1,0,0,1,1,1
kaz,0.5,0.5,0.5,0.5,0.5,0.5,0.5,0.5,0.5,0.5,0.5,0.5,0.5,0.5,0.5,0.5,0.5,0.5,0.5,0.5,0.5,1,0,0.5,0.5,0.5
kbd,1,0,0.5,0.5,0.5,1,1,0,0,0,0,1,0,1,1,0.5,1,1,0,1,1,0,0,1,1,1
kbh,1,0,0.5,0.5,1,0,1,0,0,0,0,1,1,0,1,0.5,0,0,0,0,0,0.5,0.5,1,0,1
kbk,1,0,0,0,0,0,1,0,0,0,0,1,1,0,1,0.5,0,0,1,0,0,0.5,0.5,1,0,1
kbr,1,0,0.5,0,1,1,1,0,0,0,0,1,1,0,1,0.5,0,0,1,0,0,0.5,0.5,1,0,1
kbv,1,0,0.5,0,1,0,0,0,0,0,0,0,0,0,1,0.5,0,0,0,0,0,0.5,0.5,1,0,1
kca,1,0,0.5,0,1,0,1,0,0,0,0,1,1,0,1,0.5,0,0,0,0,0,1,0,0,0,0
kdr,0.5,0.5,0.5,0.5,0.5,0.5,0.5,0.5,0.5,0.5,0.5,0.5,0.5,0.5,0.5,0.5,0.5,0.5,0.5,0.5,0.5,1,0,0.5,0.5,0.5
kek,1,0,0.5,0.5,0.5,1,1,0,0,1,0,1,1,0,1,0.5,0,0,0.5,0,1,0.5,0.5,0,0,0
ker,1,0,0.5,0,1,0,1,0,0,1,0,1,1,0,1,0.5,0,0,1,0,0,0.5,0.5,1,1,1
ket,1,0,0.5,0.5,1,0,1,0,0,0,0,1,0,0,1,0,0,0,0,0,1,1,0,1,0,1
kfe,1,0,0.5,0.5,1,0,1,0,0,0,0,1,1,0,1,0.5,0,0,0,0,0,0.5,0.5,1,0,1
kff,1,0,0.5,0.5,1,0,1,0,0,0,0,1,1,0,1,0.5,0,0,0,0,0,0.5,0.5,1,0,1
kfz,1,0,0.5,0,1,0,1,0,0,0,0,1,1,0,1,1,0,0,0,0,0,1,0,1,1,1
kgo,1,0,0.5,0,1,0,1,0,0,1,0,1,1,0,1,0,0,0,1,0,0,1,1,0,0,0
kgp,1,0,0.5,0,1,0,1,0,0,0,0,0,0,0,0,1,0,0,0,0,0,0.5,0.5,0,0,0
kha,1,0,0.5,0.5,1,0,1,0,0,0,0,1,1,0,1,0,0,0,0,0,0,1,1,1,0,1
khb,1,0,0.5,0,1,0,1,0,0,0,0,1,1,0,1,0.5,0,0,1,0,0,0.5,0.5,1,1,1
khe,0.5,0.5,0.5,0.5,0.5,0.5,0.5,0.5,0.5,0.5,0.5,0.5,0.5,0.5,0.5,0,0.5,0.5,0.5,0.5,0.5,0.5,0.5,0.5,0.5,0.5
khk,1,0,0.5,0.5,0.5,0,1,0,0,0,0,1,1,0,1,0,0,0,0,0,0,1,0,1,1,1
khl,1,0,0.5,0,1,0,1,0,0,0,0,1,1,0,1,0.5,0,0,0,0,0,0.5,0.5,0,0,0
khm,1,0,0.5,0.5,1,0,1,0,0,1,0,1,0,0,1,0,0,0,0,0,0,1,0,0,0,0
khq,1,0,0.5,0,1,0,1,0,0,0,0,1,1,0,1,1,0,0,0,0,0,0.5,0.5,1,0,1
khr,1,0,0.5,0,1,0,1,0,0,0,0,1,1,0,1,0.5,0,0,0,0,0,0.5,0.5,1,0,1
khv,0.5,0.5,0.5,0.5,0.5,0.5,0.5,0.5,0.5,0.5,0.5,0.5,0.5,0.5,0.5,0.5,0.5,0.5,0.5,0.5,0.5,0,0,0.5,0.5,0.5
kia,0.5,0.5,0.5,0.5,0.5,0.5,0.5,0.5,0.5,0.5,0.5,0.5,0.5,0.5,0.5,1,0.5,0.5,0.5,0.5,0.5,0.5,0.5,0.5,0.5,0.5
kii,0.5,0.5,0.5,0.5,0.5,0.5,0.5,0.5,0.5,0.5,0.5,0.5,0.5,0.5,0.5,0.5,0.5,0.5,0.5,0.5,0.5,0,0,0.5,0.5,0.5
kij,1,0,0.5,0,1,0,1,0,0,0,0,1,1,0,1,0,0,0,0,0,0,0,0,1,0,1
kim,0.5,0.5,0.5,0.5,0.5,0.5,0.5,0.5,0.5,0.5,0.5,0.5,0.5,0.5,0.5,0.5,0.5,0.5,0.5,0.5,0.5,1,0,0.5,0.5,0.5
kio,1,0,0.5,0,1,1,1,0,0,0,0,1,0,1,1,0.5,0,0,1,0,0,0,0,1,0,1
kir,1,0,0.5,0.5,1,0,1,1,0,0,0,1,1,0,1,0.5,0,0,0,0,1,1,0,1,1,1
kiw,1,0,0,0,0,0,1,0,0,0,0,0,0,0,1,0.5,0,0,1,0,0,0.5,0.5,1,0,1
kje,0.5,0.5,0.5,0.5,0.5,0.5,0.5,0.5,0.5,0.5,0.5,0.5,0.5,0.5,0.5,0.5,0.5,0.5,0.5,0.5,0.5,0,0,0.5,0.5,0.5
kjg,1,0,0.5,0.5,1,0,1,0,1,1,0,1,1,0,1,0,0,0,1,0,0,1,1,0,0,0
kjh,0.5,0.5,0.5,0.5,0.5,0.5,0.5,0.5,0.5,0.5,0.5,0.5,0.5,0.5,0.5,0.5,0.5,0.5,0.5,0.5,0.5,1,0,0.5,0.5,0.5
kjj,0.5,0.5,0.5,0.5,0.5,0.5,0.5,0.5,0.5,0.5,0.5,0.5,0.5,0.5,0.5,0.5,0.5,0.5,0.5,0.5,0.5,0,0,0.5,0.5,0.5
kjq,1,0,0.5,0,1,1,1,0,1,0,0,0,0,0,1,0,0,1,1,0,0,0,0,0,0,0
kjs,1,0,0,0,0,0,1,0,0,0,0,1,0,0,1,0.5,0,0,1,0,0,0,0,0,0,0
kju,0.5,0.5,0.5,0.5,0.5,0.5,0.5,0.5,0.5,0.5,0.5,0.5,0.5,0.5,0.5,0.5,0.5,0.5,0.5,0.5,0.5,0,0,0.5,0.5,0.5
kkw,1,0,0.5,0.5,0.5,0,1,0,0,0,0,1,1,0,1,0.5,0,0,1,0,0,0.5,0.5,1,0,1
kla,1,0,0.5,0.5,1,1,1,0,1,0,0,1,1,0,1,0.5,0,0,0,0,1,0.5,0.5,1,0,1
kln,1,0,0.5,0,1,0,1,0,0,0,0,1,1,0,1,0.5,0,0,1,0,0,0.5,0.5,0,0,0
klr,0.5,0.5,0.5,0.5,0.5,0.5,0.5,0.5,0.5,0.5,0.5,0.5,0.5,0.5,0.5,0.5,0.5,0.5,0.5,0.5,0.5,1,1,0.5,0.5,0.5
klu,1,0,0,0,0,0,1,0,0,0,1,0,0,0,0,0.5,0,0,1,0,0,0.5,0.5,1,0,1
kmg,0.5,0.5,0.5,0.5,0.5,0.5,0.5,0.5,0.5,0.5,0.5,0.5,0.5,0.5,0.5,0.5,0.5,0.5,0.5,0.5,0.5,1,1,0.5,0.5,0.5
kmo,1,0,0.5,0,1,0,1,0,0,0,0,0,0,0,1,0.5,0,0,0.5,0,0,0,0,1,1,0
kmr,1,0,0.5,0.5,1,0,1,0,0,0,0,1,1,0,1,0.5,1,0,0,0,1,1,0,1,1,1
kmz,0.5,0.5,0.5,0.5,0.5,0.5,0.5,0.5,0.5,0.5,0.5,0.5,0.5,0.5,0.5,0.5,0.5,0.5,0.5,0.5,0.5,1,0,0.5,0.5,0.5
kna,1,0,0.5,0,1,0,1,0,0,1,0,1,1,1,1,0.5,0,0,1,0,0,0.5,0.5,1,0,1
knc,1,0,0.5,0,1,0,1,0,0,0,0,1,1,0,1,0,0,0,1,0,0,1,1,1,1,1
kng,0.5,0.5,0.5,0.5,0.5,0.5,0.5,0.5,0.5,0.5,0.5,0.5,0.5,0.5,0.5,0,0.5,0.5,0.5,0.5,0.5,0.5,0.5,0.5,0.5,0.5
knn,1,0,0.5,0.5,0.5,0,1,0,0,0,0,1,1,0,1,0.5,0,0,0,0,0,0.5,0.5,1,0,1
kor,1,0,0.5,0,1,1,1,0,0,0,0,1,1,0,1,0,0,0,0,0,0,1,0,0,0,0
kpj,0.5,0.5,0.5,0.5,0.5,0.5,0.5,0.5,0.5,0.5,0.5,0.5,0.5,0.5,0.5,0.5,0.5,0.5,0.5,0.5,0.5,0,0,0.5,0.5,0.5
kpk,1,0,0.5,0.5,1,0,1,0,0,0,1,0,0,0,0,0.5,0,0,1,0,0,0.5,0.5,1,1,1
kpm,1,0,0.5,0.5,1,0,1,0,0,1,0,1,1,0,1,0.5,0,0,1,0,0,1,1,1,0,1
kpt,0.5,0.5,0.5,0.5,0.5,0.5,0.5,0.5,0.5,0.5,0.5,0.5,0.5,0.5,0.5,0.5,0.5,0.5,0.5,0.5,0.5,0,0,0.5,0.5,0.5
kpv,1,0,0.5,0.5,1,0,1,0,0,0,0,1,1,0,1,0.5,0,0,0,0,0,0.5,0.5,1,1,1
kpw,1,0,0.5,0,1,0,1,0,0,0,0,1,1,0,1,0,0,0,0,0,0,1,0,0,0,0
kpy,1,0,0.5,0.5,1,0,1,0,0,0,0,1,1,0,1,0.5,0,0,0,0,1,1,1,0,0,0
kpz,1,0,0.5,0.5,0.5,0,1,0,0,0,0,1,1,0,1,0.5,0,0,0.5,0,0,0.5,0.5,0,0,0
kqs,0.5,0.5,0.5,0.5,0.5,0.5,0.5,0.5,0.5,0.5,0.5,0.5,0.5,0.5,0.5,0,0.5,0.5,0.5,0.5,0.5,0.5,0.5,0.5,0.5,0.5
krc,0.5,0.5,0.5,0.5,0.5,0.5,0.5,0.5,0.5,0.5,0.5,0.5,0.5,0.5,0.5,0.5,0.5,0.5,0.5,0.5,0.5,1,0,0.5,0.5,0.5
krk,0.5,0.5,0.5,0.5,0.5,0.5,0.5,0.5,0.5,0.5,0.5,0.5,0.5,0.5,0.5,0.5,0.5,0.5,0.5,0.5,0.5,1,1,0.5,0.5,0.5
kru,1,0,0.5,0.5,0.5,0,1,0,0,0,0,1,1,0,1,0.5,0,0,0.5,1,0,0.5,0.5,1,0,1
kry,0.5,0.5,0.5,0.5,0.5,0.5,0.5,0.5,0.5,0.5,0.5,0.5,0.5,0.5,0.5,0.5,0.5,0.5,0.5,0.5,0.5,0,0,0.5,0.5,0.5
ksf,0.5,0.5,0.5,0.5,0.5,0.5,0.5,0.5,0.5,0.5,0.5,0.5,0.5,0.5,0.5,0,0.5,0.5,0.5,0.5,0.5,0.5,0.5,0.5,0.5,0.5
kss,1,0,0.5,0,1,0,1,0,0,1,1,1,1,0,1,0.5,0,0,1,0,0,0.5,0.5,0,0,0
ksw,1,0,0.5,0,1,0,1,0,0,1,0,1,1,0,1,0.5,0,1,1,0,0,0.5,0.5,1,1,0
ksx,1,0,0.5,0,1,0,1,0,0,0,0,1,1,0,1,0.5,0,0,0,0,0,0.5,0.5,1,0,1
ktg,1,0,0.5,0,1,0,0,0,0,0,0,1,1,0,1,0.5,0,0,0,0,0,0.5,0.5,0,0,0
kto,0.5,0.5,0.5,0.5,0.5,0.5,0.5,0.5,0.5,0.5,0.5,0.5,0.5,0.5,0.5,0.5,0.5,0.5,0.5,0.5,0.5,1,0,0.5,0.5,0.5
ktz,1,1,0,0,0,1,1,0,0,0,0,1,1,0,1,0.5,0,0,1,0,0,1,0,1,1,1
kum,0.5,0.5,0.5,0.5,0.5,0.5,0.5,0.5,0.5,0.5,0.5,0.5,0.5,0.5,0.5,0.5,0.5,0.5,0.5,0.5,0.5,1,0,0.5,0.5,0.5
kun,1,0,0.5,0,1,0,1,0,0,0,0,1,1,0,1,0,0,0,1,0,0,1,1,1,0,1
kup,1,0,0.5,0,1,0,1,0,0,0,0,1,1,0,1,0.5,0,0,0,0,1,1,1,1,1,1
kut,1,0,0.5,0.5,1,1,1,0,1,0,0,1,0,1,1,0,0,0,0,1,1,0,0,0,0,0
kva,0.5,0.5,0.5,0.5,0.5,0.5,0.5,0.5,0.5,0.5,0.5,0.5,0.5,0.5,0.5,0.5,0.5,0.5,0.5,0.5,0.5,0,0,0.5,0.5,0.5
kvn,1,0,0.5,0,1,0,1,0,0,0,0,1,1,0,1,0.5,0,0,0,0,0,0.5,0.5,1,0,1
kvv,0.5,0.5,0.5,0.5,0.5,0.5,0.5,0.5,0.5,0.5,0.5,0.5,0.5,0.5,0.5,0.5,0.5,0.5,0.5,0.5,0.5,1,1,0.5,0.5,0.5
kwd,1,0,0,0,0,0,1,0,0,0,0,1,1,0,1,0.5,0,0,0,0,0,0.5,0.5,0,0,0
kwe,0.5,0.5,0.5,0.5,0.5,0.5,0.5,0.5,0.5,0.5,0.5,0.5,0.5,0.5,0.5,0,0.5,0.5,0.5,0.5,0.5,0.5,0.5,0.5,0.5,0.5
kwi,1,0,0.5,0.5,1,0,1,0,0,0,0,1,1,1,1,0,0,0,0,0,0,0,0,1,1,0
kwk,1,0,0.5,0.5,1,1,1,0,1,0,0,1,1,1,1,0,0,0,0,1,1,0.5,0.5,1,0,1
kyh,1,0,0.5,0.5,0.5,0,1,0,0,0,0,0,0,0,1,1,0,0,1,0,0,0,0,0,0,0
lae,0.5,0.5,0.5,0.5,0.5,0.5,0.5,0.5,0.5,0.5,0.5,0.5,0.5,0.5,0.5,0.5,0.5,0.5,0.5,0.5,0.5,1,1,0.5,0.5,0.5
laj,1,0,0.5,0,1,0,0,0,0,0,0,1,1,0,1,1,0,0,1,0,0,1,1,1,0,1
lav,1,0,0.5,0.5,1,0,1,0,0,0,0,1,1,0,1,0,0,0,1,0,0,0,0,1,1,1
lbc,1,0,0.5,0,1,0,1,0,0,1,0,1,1,0,1,0.5,0,1,1,0,0,0.5,0.5,0,0,0
lbe,1,0,0.5,0.5,1,1,1,0,0,0,0,1,1,0,1,0,1,0,0,1,1,0,0,1,1,1
lbf,0.5,0.5,0.5,0.5,0.5,0.5,0.5,0.5,0.5,0.5,0.5,0.5,0.5,0.5,0.5,0.5,0.5,0.5,0.5,0.5,0.5,1,1,0.5,0.5,0.5
lbj,1,0,0.5,0.5,1,0,1,0,0,0,0,1,1,0,1,0,0,0,0,0,0,1,1,1,1,1
lef,1,0,0,0,0,0,1,0,0,0,1,1,1,0,1,0.5,0,0,1,0,0,0.5,0.5,1,1,1
lep,1,0,0.5,0.5,1,0,1,1,0,0,0,1,1,0,1,0.5,0,0,0.5,0,0,1,1,1,1,1
lez,1,0,0.5,0.5,1,1,1,1,0,0,0,1,1,0,1,0,0,0,0,1,1,0,0,1,1,1
lgg,1,0,0.5,0,1,0,1,0,1,1,1,1,0,0,1,0.5,0,0,1,0,0,0.5,0.5,1,1,1
lha,0.5,0.5,0.5,0.5,0.5,0.5,0.5,0.5,0.5,0.5,0.5,0.5,0.5,0.5,0.5,0.5,0.5,0.5,0.5,0.5,0.5,1,1,0.5,0.5,0.5
lhu,1,0,0.5,0,1,0,1,0,0,0,0,1,1,0,1,0.5,0,0,1,0,1,1,1,1,1,1
lif,0.5,0.5,0.5,0.5,0.5,0.5,0.5,0.5,0.5,0.5,0.5,0.5,0.5,0.5,0.5,0.5,0.5,0.5,0.5,0.5,0.5,1,1,0.5,0.5,0.5
lil,0.5,0.5,0.5,0.5,0.5,0.5,0.5,0.5,0.5,0.5,0.5,0.5,0.5,0.5,0.5,0.5,0.5,0.5,0.5,0.5,0.5,0,0,0.5,0.5,0.5
lit,1,0,0.5,0.5,1,0,1,0,0,0,0,1,0,0,1,0.5,0,0,0.5,0,0,0.5,0.5,1,1,1
lkt,1,0,0.5,0.5,1,1,1,0,0,0,0,1,1,0,1,1,0,0,0,0,0,0,0,1,1,0
lme,1,0,0.5,0.5,0.5,0,1,0,0,1,0,1,1,1,1,0,0,0,1,0,0,0.5,0.5,1,1,1
lok,0.5,0.5,0.5,0.5,0.5,0.5,0.5,0.5,0.5,0.5,0.5,0.5,0.5,0.5,0.5,1,0.5,0.5,0.5,0.5,0.5,0.5,0.5,0.5,0.5,0.5
los,0.5,0.5,0.5,0.5,0.5,0.5,0.5,0.5,0.5,0.5,0.5,0.5,0.5,0.5,0.5,0.5,0.5,0.5,0.5,0.5,0.5,1,1,0.5,0.5,0.5
lua,1,0,0.5,0,1,0,1,0,0,0,0,1,1,0,1,0.5,0,0,1,0,0,0.5,0.5,1,1,1
lue,1,0,0,0,0,0,1,0,0,0,0,1,0,0,1,0.5,0,0,1,0,0,1,1,1,1,0
lui,1,0,0.5,0.5,0.5,0,1,0,0,0,0,1,1,0,1,0.5,0,0,0,0,1,1,1,0,0,0
luo,1,0,0.5,0,1,0,1,0,0,0,0,1,1,0,1,0.5,0,0,1,0,0,0.5,0.5,1,0,1
lut,1,0,0.5,0.5,1,1,1,0,1,1,0,1,1,1,1,0.5,0,0,0,1,1,0.5,0.5,1,0,1
lvk,1,0,0.5,0,1,0,1,0,0,0,0,1,1,0,1,0,0,0,0,0,0,1,1,1,0,1
mad,0.5,0.5,0.5,0.5,0.5,0.5,0.5,0.5,0.5,0.5,0.5,0.5,0.5,0.5,0.5,0.5,0.5,0.5,0.5,0.5,0.5,1,1,0.5,0.5,0.5
maq,1,0,0.5,0,1,0,1,0,0,0,0,1,1,0,1,0.5,0,0,1,0,0,0.5,0.5,1,1,0
mas,1,0,0.5,0,1,0,1,0,0,1,0,1,1,0,1,0.5,0,0,1,0,0,0.5,0.5,0,0,0
maz,1,0,0.5,0.5,0.5,1,1,0,1,1,0,1,1,0,1,0.5,0,0,1,0,0,0.5,0.5,0,0,0
mbl,1,0,0.5,0,1,0,0,0,0,0,0,0,0,0,0,0.5,0,0,0,0,0,0,0,0,0,0
mcu,1,0,0.5,0,1,0,1,0,0,0,0,1,1,0,1,0.5,0,0,1,0,0,0.5,0.5,1,0,1
mda,0.5,0.5,0.5,0.5,0.5,0.5,0.5,0.5,0.5,0.5,0.5,0.5,0.5,0.5,0.5,1,0.5,0.5,0.5,0.5,0.5,0.5,0.5,0.5,0.5,0.5
mdd,1,0,0.5,0.5,0.5,0,1,0.5,0,1,1,1,1,0,1,0.5,0,0,1,0,0,0.5,0.5,1,1,1
mde,1,0,0.5,0.5,1,0,1,0,0,0,0,1,1,0,1,1,0,0,1,0,0,0.5,0.5,1,1,1
mdx,1,0,0.5,0.5,1,1,1,0,0,0,0,1,1,0,1,0.5,0,0,1,0,0,0.5,0.5,1,1,1
mei,0.5,0.5,0.5,0.5,0.5,0.5,0.5,0.5,0.5,0.5,0.5,0.5,0.5,0.5,0.5,0,0.5,0.5,0.5,0.5,0.5,1,0,0.5,0.5,0.5
mfc,1,0,0,0,0,0,1,0,0,1,1,1,1,0,1,0.5,0,0,1,0,0,0.5,0.5,1,1,1
mhj,1,0,0.5,0.5,1,0,1,0,0,0,0,1,1,0,1,0.5,0,0,0,1,1,1,0,1,1,1
mhr,1,0,0.5,0.5,0.5,0,1,1,0,0,0,1,1,0,1,0.5,0,1,0.5,0,0,0.5,0.5,1,1,0
mhz,1,0,0,0,0,0,1,0,0,0,0,0,0,0,1,0.5,0,0,1,0,0,0.5,0.5,0,0,0
mid,0.5,0.5,0.5,0.5,0.5,0.5,0.5,0.5,0.5,0.5,0.5,0.5,0.5,0.5,0.5,0.5,0.5,0.5,0.5,0.5,0.5,0,0,0.5,0.5,0.5
mig,1,0,0,0,0,0,1,0,0,0,0,1,1,0,1,1,0,1,1,0,0,0,0,1,1,1
miy,0.5,0.5,0.5,0.5,0.5,0.5,0.5,0.5,0.5,0.5,0.5,0.5,0.5,0.5,0.5,0.5,0.5,0.5,0.5,0.5,0.5,0,0,0.5,0.5,0.5
mjg,1,0,0.5,0,1,0,1,0,0,0,0,1,1,0,1,0.5,0,0,0,0,1,1,0,1,1,1
mji,0.5,0.5,0.5,0.5,0.5,0.5,0.5,0.5,0.5,0.5,0.5,0.5,0.5,0.5,0.5,0,0.5,0.5,0.5,0.5,0.5,0.5,0.5,0.5,0.5,0.5
mky,1,0,0.5,0.5,1,0,1,0,0,0,0,1,1,0,1,0,0,0,0,0,0,1,1,1,0,1
mlm,0.5,0.5,0.5,0.5,0.5,0.5,0.5,0.5,0.5,0.5,0.5,0.5,0.5,0.5,0.5,0,0.5,0.5,0.5,0.5,0.5,0.5,0.5,0.5,0.5,0.5
mlt,0.5,0.5,0.5,0.5,0.5,0.5,0.5,0.5,0.5,0.5,0.5,0.5,0.5,0.5,0.5,0.5,0.5,0.5,0.5,0.5,0.5,0,0,0.5,0.5,0.5
mms,0.5,0.5,0.5,0.5,0.5,0.5,0.5,0.5,0.5,0.5,0.5,0.5,0.5,0.5,0.5,0.5,0.5,0.5,0.5,0.5,0.5,0,0,0.5,0.5,0.5
mnc,1,0,0.5,0.5,0.5,0,1,1,0,0,0,1,1,0,1,0.5,0,0,0.5,0,0,0.5,0.5,1,0,1
mni,1,0,0.5,0,1,0,1,0,0,0,0,1,1,0,1,0,0,0,1,0,0,1,1,1,0,1
mns,0.5,0.5,0.5,0.5,0.5,0.5,0.5,0.5,0.5,0.5,0.5,0.5,0.5,0.5,0.5,0.5,0.5,0.5,0.5,0.5,0.5,1,0,0.5,0.5,0.5
mor,1,0,0.5,0,1,0,1,0,0,0,0,1,1,0,1,0.5,0,1,1,0,0,0.5,0.5,1,0,1
mos,0.5,0.5,0.5,0.5,0.5,0.5,0.5,0.5,0.5,0.5,0.5,0.5,0.5,0.5,0.5,1,0.5,0.5,0.5,0.5,0.5,0.5,0.5,0.5,0.5,0.5
mpb,1,0,0.5,0.5,1,0,0,1,0,0,0,1,1,0,1,0.5,0,0,0,0,0,0.5,0.5,0,0,0
mpc,1,0,0.5,0.5,1,0,0,0,0,0,0,1,1,0,1,0,0,0,0,0,0,1,1,0,0,0
mph,1,0,0.5,0.5,1,0,1,0,0,0,0,1,1,0,1,0,0,0,0,0,0,1,1,0,0,0
mps,1,0,0.5,0,1,0,1,0,0,0,0,0,0,0,1,0.5,0,0,1,0,0,0.5,0.5,0,0,0
mqs,1,0,0.5,0,1,0,1,0,0,0,0,1,1,0,1,0.5,0,0,0,0,0,0.5,0.5,1,0,1
mrc,1,0,0.5,0.5,1,0,1,0,0,0,0,1,1,0,1,0,0,1,0,0,1,0,0,0,0,0
mri,1,0,0,0,0,0,1,0,0,0,0,0,0,0,1,0,0,0,0,0,0,1,1,0,0,0
mrn,0.5,0.5,0.5,0.5,0.5,0.5,0.5,0.5,0.5,0.5,0.5,0.5,0.5,0.5,0.5,0.5,0.5,0.5,0.5,0.5,0.5,1,1,0.5,0.5,0.5
mrt,1,0,0.5,0.5,0.5,0,1,0,0,1,0,1,1,1,1,0.5,0,0,1,0,0,0.5,0.5,1,1,1
mrw,1,0,0.5,0.5,0.5,0,0,0,0,0,0,1,1,0,1,0.5,0,0,0,0,0,0.5,0.5,1,0,1
mrz,1,0,0.5,0,1,0,1,0,0,0,0,1,0,0,1,0.5,0,0,0,0,0,0.5,0.5,1,1,1
mtg,1,0,0.5,0,1,0,1,0,0,0,0,1,1,0,1,0.5,0,0,1,0,0,1,0,1,0,1
mto,1,0,0.5,0.5,1,0,1,0,0,0,0,0,0,0,1,0.5,0,0,0,0,0,0.5,0.5,1,0,1
mtq,0.5,0.5,0.5,0.5,0.5,0.5,0.5,0.5,0.5,0.5,0.5,0.5,0.5,0.5,0.5,0.5,0.5,0.5,0.5,0.5,0.5,1,1,0.5,0.5,0.5
mur,1,0,0.5,0,1,0,1,0,0,1,0,1,1,0,1,0,0,1,1,0,0,0.5,0.5,1,0,1
mwf,1,0,0.5,0.5,1,0,0,0,0,0,0,1,1,0,1,0.5,0,0,0,0,0,0.5,0.5,1,0,1
mwp,1,0,0.5,0.5,1,0,1,0,0,0,0,1,1,0,1,0.5,0,0,0,0,0,0.5,0.5,1,1,1
mya,1,0,0.5,0,1,0,1,0,0,0,0,1,1,0,1,0,0,1,1,0,0,1,1,1,1,1
myb,0.5,0.5,0.5,0.5,0.5,0.5,0.5,0.5,0.5,0.5,0.5,0.5,0.5,0.5,0.5,1,0.5,0.5,0.5,0.5,0.5,0.5,0.5,0.5,0.5,0.5
myh,1,0,0.5,0.5,1,1,1,0,0,0,0,1,1,1,1,0.5,0,0,0,1,1,0,0,1,0,1
myp,1,0,0,0,0,0,1,0,0,0,0,0,0,0,0,0,0,0,1,0,0,0,0,1,0,1
mzh,1,0,0.5,0,1,1,1,0,1,0,0,1,1,0,1,0,0,0,0,0,1,0,0,0,0,0
mzm,1,0,0.5,0,1,0,1,0,0,1,1,1,1,0,1,0.5,0,0,1,0,0,0.5,0.5,1,1,1
mzp,1,0,0,0,0,0,1,0,0,1,0,1,1,1,1,0.5,0,0,0,0,0,0,0,0,0,0
nab,1,0,0.5,0.5,1,1,1,0,1,1,0,1,0,0,1,0.5,0,0,1,0,0,0.5,0.5,0,0,0
naf,0.5,0.5,0.5,0.5,0.5,0.5,0.5,0.5,0.5,0.5,0.5,0.5,0.5,0.5,0.5,0.5,0.5,0.5,0.5,0.5,0.5,1,1,0.5,0.5,0.5
nan,1,0,0.5,0,1,0,1,0,0,0,0,0,0,0,1,0.5,0,0,1,0,0,0.5,0.5,0,0,0
naq,1,1,0.5,0,1,0,1,0,0,0,0,0,0,0,1,0,0,0,1,0,0,0,0,0,0,0
nas,1,0,0.5,0.5,0.5,0,1,0,0,0,0,0,0,0,1,0.5,0,0,0.5,0,0,0.5,0.5,0,0,0
nav,1,0,0.5,0,1,1,1,0,0,0,0,1,1,1,1,1,0,0,1,0,0,0,0,1,1,0
nbf,1,0,0,0,0,0,1,1,0,0,0,1,1,0,1,0.5,0,0,1,1,0,0.5,0.5,1,1,1
ncb,1,0,0.5,0,1,0,1,0,0,0,0,1,1,0,1,0.5,0,0,0,0,0,0.5,0.5,0,0,0
ncj,1,0,0.5,0,1,0,1,0,0,0,0,1,1,0,1,0,0,0,0,0,0,0,0,0,0,0
ndv,1,0,0.5,0,1,0,1,0,0,1,0,1,1,0,1,0.5,0,0,1,0,0,0.5,0.5,1,0,1
neg,0.5,0.5,0.5,0.5,0.5,0.5,0.5,0.5,0.5,0.5,0.5,0.5,0.5,0.5,0.5,0.5,0.5,0.5,0.5,0.5,0.5,1,1,0.5,0.5,0.5
nep,1,0,0.5,0.5,0.5,0,1,0,0,0,0,1,1,0,1,0.5,0,0,0,0,0,0.5,0.5,1,0,1
new,1,0,0.5,0,1,0,1,0,0,0,0,1,1,0,1,0.5,0,0,0,0,0,0.5,0.5,1,0,1
nez,1,0,0.5,0.5,1,1,1,0,1,0,0,1,1,1,1,0,0,0,0,1,1,0,0,0,0,0
ngi,1,0,0.5,0,1,0,1,0,0,1,0,1,1,1,1,0.5,0,0,1,0,0,0,0,1,1,1
nhg,1,0,0.5,0,1,0,1,0,0,0,0,0,0,0,1,0.5,0,0,0,0,0,0.5,0.5,0,0,0
nhu,1,0,0.5,0.5,1,0,1,0,0,0,0,1,1,0,1,0.5,0,0,1,0,0,0.5,0.5,1,0,1
nie,1,0,0.5,0,1,0,1,0,0,1,0,1,1,0,1,0.5,0,0,1,0,0,0.5,0.5,1,0,1
nio,1,0,0.5,0,1,0,1,1,0,0,0,1,1,0,1,0.5,0,1,0,0,0,1,1,1,0,1
nir,1,0,0.5,0.5,0.5,0,1,0,0,0,0,0,0,0,1,0.5,0,0,0.5,0,0,0.5,0.5,1,0,1
niv,1,0,0.5,0.5,1,0,1,0,0,0,0,1,1,0,1,0,0,0,1,1,1,1,1,1,1,0
niy,1,0,0,0,0,0,1,0,0,1,1,1,1,0,1,0,0,0,1,0,0,0,0,1,1,1
njo,1,0,0.5,0,1,0,1,0,0,0,0,1,1,0,1,0,0,0,1,0,0,0.5,0.5,1,1,0
nmn,1,1,0.5,0,1,1,1,0,1,0,0,1,1,0,1,0,0,0,1,0,1,0.5,0.5,1,0,1
nmu,1,0,0.5,0,1,1,1,0,0,1,0,1,1,0,1,0.5,0,0,0,0,0,0.5,0.5,0,0,0
nnk,0.5,0.5,0.5,0.5,0.5,0.5,0.5,0.5,0.5,0.5,0.5,0.5,0.5,0.5,0.5,0.5,0.5,0.5,0.5,0.5,0.5,1,1,0.5,0.5,0.5
nnm,0.5,0.5,0.5,0.5,0.5,0.5,0.5,0.5,0.5,0.5,0.5,0.5,0.5,0.5,0.5,0.5,0.5,0.5,0.5,0.5,0.5,0,0,0.5,0.5,0.5
nob,1,0,0.5,0.5,1,0,1,1,0,0,0,1,1,0,1,0.5,0,0,1,0,0,0.5,0.5,1,0,1
nog,0.5,0.5,0.5,0.5,0.5,0.5,0.5,0.5,0.5,0.5,0.5,0.5,0.5,0.5,0.5,0.5,0.5,0.5,0.5,0.5,0.5,1,0,0.5,0.5,0.5
noo,1,0,0.5,0.5,1,1,1,0,1,0,0,1,0,1,1,0.5,1,0,0,1,1,0.5,0.5,0,0,0
nrb,1,0,0.5,0,1,0,1,0,0,0,0,1,1,0,1,0.5,0,0,1,0,0,0.5,0.5,1,0,1
nsq,0.5,0.5,0.5,0.5,0.5,0.5,0.5,0.5,0.5,0.5,0.5,0.5,0.5,0.5,0.5,0.5,0.5,0.5,0.5,0.5,0.5,1,0,0.5,0.5,0.5
ntj,0.5,0.5,0.5,0.5,0.5,0.5,0.5,0.5,0.5,0.5,0.5,0.5,0.5,0.5,0.5,0,0.5,0.5,0.5,0.5,0.5,0.5,0.5,0.5,0.5,0.5
nut,1,0,0.5,0.5,0.5,0,1,0,0,1,0,1,1,0,1,0.5,0,0,1,0,0,0.5,0.5,0,0,0
nuy,1,0,0.5,0,1,0,0,0,0,0,0,1,1,0,1,0,0,0,0,0,0,1,1,0,0,0
nyi,1,0,0.5,0,1,0,1,0,0,0,0,1,1,0,1,0.5,0,0,1,0,0,0.5,0.5,1,0,1
nyp,1,0,0.5,0,1,0,1,0,0,1,0,1,1,0,1,0.5,0,0,1,0,0,0.5,0.5,0,0,0
oaa,0.5,0.5,0.5,0.5,0.5,0.5,0.5,0.5,0.5,0.5,0.5,0.5,0.5,0.5,0.5,0.5,0.5,0.5,0.5,0.5,0.5,1,1,0.5,0.5,0.5
oac,0.5,0.5,0.5,0.5,0.5,0.5,0.5,0.5,0.5,0.5,0.5,0.5,0.5,0.5,0.5,0.5,0.5,0.5,0.5,0.5,0.5,1,1,0.5,0.5,0.5
oca,1,0,0.5,0.5,0.5,0,1,0,0,0,0,0,0,0,1,1,0,0,1,0,0,0,0,1,1,1
ogb,1,0,0.5,0,1,0,1,0,0,1,1,1,1,0,1,0.5,0,0,1,0,0,0.5,0.5,1,1,1
ogo,0.5,0.5,0.5,0.5,0.5,0.5,0.5,0.5,0.5,0.5,0.5,0.5,0.5,0.5,0.5,1,0.5,0.5,0.5,0.5,0.5,0.5,0.5,0.5,0.5,0.5
ojg,1,0,0.5,0.5,0.5,0,1,0,0,0,0,1,1,0,1,0.5,0,0,0,0,0,0.5,0.5,0,0,0
oku,0.5,0.5,0.5,0.5,0.5,0.5,0.5,0.5,0.5,0.5,0.5,0.5,0.5,0.5,0.5,0,0.5,0.5,0.5,0.5,0.5,0.5,0.5,0.5,0.5,0.5
okv,0.5,0.5,0.5,0.5,0.5,0.5,0.5,0.5,0.5,0.5,0.5,0.5,0.5,0.5,0.5,0.5,0.5,0.5,0.5,0.5,0.5,1,1,0.5,0.5,0.5
ona,1,0,0.5,0.5,1,1,1,0.5,0,0,0,1,1,0,1,0,0,0,0,0,1,0,0,0,0,0
one,0,0,0.5,0.5,1,0,1,0,0,0,0,1,1,0,1,0.5,0,0,1,0,0,0,0,0,0,0
ong,0.5,0.5,0.5,0.5,0.5,0.5,0.5,0.5,0.5,0.5,0.5,0.5,0.5,0.5,0.5,0.5,0.5,0.5,0.5,0.5,0.5,1,0,0.5,0.5,0.5
ood,1,0,0.5,0.5,1,0,1,0,0,0,0,1,0,0,1,0.5,0,0,0,0,0,0.5,0.5,1,0,1
oon,0.5,0.5,0.5,0.5,0.5,0.5,0.5,0.5,0.5,0.5,0.5,0.5,0.5,0.5,0.5,0,0.5,0.5,0.5,0.5,0.5,1,1,0.5,0.5,0.5
opm,0.5,0.5,0.5,0.5,0.5,0.5,0.5,0.5,0.5,0.5,0.5,0.5,0.5,0.5,0.5,0.5,0.5,0.5,0.5,0.5,0.5,1,1,0.5,0.5,0.5
oro,0.5,0.5,0.5,0.5,0.5,0.5,0.5,0.5,0.5,0.5,0.5,0.5,0.5,0.5,0.5,0.5,0.5,0.5,0.5,0.5,0.5,0,0,0.5,0.5,0.5
oru,1,0,0.5,0.5,1,0,1,0,0,0,0,1,1,0,1,0.5,0,0,0,1,0,0.5,0.5,1,1,1
osa,0.5,0.5,0.5,0.5,0.5,0.5,0.5,0.5,0.5,0.5,0.5,0.5,0.5,0.5,0.5,0.5,0.5,0.5,0.5,0.5,0.5,0,0,0.5,0.5,0.5
oss,0.5,0.5,0.5,0.5,0.5,0.5,0.5,0.5,0.5,0.5,0.5,0.5,0.5,0.5,0.5,0.5,0.5,0.5,0.5,0.5,0.5,0,0,0.5,0.5,0.5
ote,1,0,0.5,0.5,1,0,1,0,0,0,0,1,1,0,1,1,0,1,1,0,0,0,0,1,1,1
pac,1,0,0.5,0,1,0,1,0,0,1,0,1,1,0,1,0.5,0,0,0,0,0,0.5,0.5,0,0,0
pad,1,0,0,0,0,0,1,0,0,1,0,0,0,0,1,0,0,0,0,0,0,0,0,1,1,1
pao,0.5,0.5,0.5,0.5,0.5,0.5,0.5,0.5,0.5,0.5,0.5,0.5,0.5,0.5,0.5,0.5,0.5,0.5,0.5,0.5,0.5,1,0,0.5,0.5,0.5
pav,1,0,0.5,0,1,0,0,1,1,0,0,0,0,0,1,1,0,0,0,0,0,0,0,0,0,0
pay,1,0,0.5,0,1,0,1,0,0,0,0,1,1,0,1,0.5,0,0,1,0,0,0.5,0.5,1,0,1
pbb,1,0,0.5,0.5,1,0,1,0,0,0,0,1,1,0,1,0.5,0,0,0,0,0,0.5,0.5,0,0,0
pbh,1,0,0.5,0,1,0,0,0,0,0,0,0,0,0,1,0.5,0,0,0,0,0,0.5,0.5,0,0,0
pbi,0.5,0.5,0.5,0.5,0.5,0.5,0.5,0.5,0.5,0.5,0.5,0.5,0.5,0.5,0.5,0,0.5,0.5,0.5,0.5,0.5,0.5,0.5,0.5,0.5,0.5
pcc,1,0,0.5,0,1,0,1,0,0,0,0,1,1,0,1,0.5,0,1,1,0,0,0.5,0.5,1,0,1
peb,0.5,0.5,0.5,0.5,0.5,0.5,0.5,0.5,0.5,0.5,0.5,0.5,0.5,0.5,0.5,0,0.5,0.5,0.5,0.5,0.5,0.5,0.5,0.5,0.5,0.5
peh,0.5,0.5,0.5,0.5,0.5,0.5,0.5,0.5,0.5,0.5,0.5,0.5,0.5,0.5,0.5,0.5,0.5,0.5,0.5,0.5,0.5,1,1,0.5,0.5,0.5
pes,1,0,0.5,0.5,1,0,1,0,0,0,0,1,1,0,1,0,0,0,0,0,1,0,0,1,1,1
pjt,1,0,0.5,0,1,0,0,0,0,0,0,1,1,0,1,0.5,0,0,0,0,0,1,1,0,0,0
plt,1,0,0.5,0,1,0,1,0,0,0,0,1,1,0,1,0,0,0,0,0,0,1,1,1,1,1
pma,1,0,0.5,0,1,0,1,0,0,0,0,1,1,0,1,0,0,0,0,0,0,1,1,0,0,0
poi,0.5,0.5,0.5,0.5,0.5,0.5,0.5,0.5,0.5,0.5,0.5,0.5,0.5,0.5,0.5,0,0.5,0.5,0.5,0.5,0.5,0.5,0.5,0.5,0.5,0.5
pol,1,0,0.5,0.5,1,0,1,0,0,0,0,1,1,0,1,0.5,0,0,0,0,0,0.5,0.5,1,1,1
pom,1,0,0.5,0.5,0.5,1,1,0,0,0,0,1,1,0,1,0.5,0,0,0.5,1,1,0,0,1,0,1
pon,1,0,0.5,0.5,1,0,1,0,0,0,0,1,1,0,1,0.5,0,0,0,0,0,0.5,0.5,0,0,0
ppl,0.5,0.5,0.5,0.5,0.5,0.5,0.5,0.5,0.5,0.5,0.5,0.5,0.5,0.5,0.5,0.5,0.5,0.5,0.5,0.5,0.5,0,0,0.5,0.5,0.5
pqm,1,0,0.5,0.5,1,0,1,0,0,0,0,1,1,0,1,0,0,0,1,0,0,0,0,0,0,0
prk,1,0,0.5,0,1,0,1,0,0,0,0,1,1,0,1,0.5,0,0,0,0,0,0.5,0.5,1,1,1
pst,1,0,0.5,0.5,1,0,1,0,0,0,0,1,0,0,1,0.5,0,0,0,1,0,1,0,1,1,1
ptp,0.5,0.5,0.5,0.5,0.5,0.5,0.5,0.5,0.5,0.5,0.5,0.5,0.5,0.5,0.5,0.5,0.5,0.5,0.5,0.5,0.5,1,1,0.5,0.5,0.5
puo,0.5,0.5,0.5,0.5,0.5,0.5,0.5,0.5,0.5,0.5,0.5,0.5,0.5,0.5,0.5,0.5,0.5,0.5,0.5,0.5,0.5,1,1,0.5,0.5,0.5
pwa,1,0,0.5,0,1,0,1,0,0,0,0,1,0,0,1,1,0,0,1,0,0,0.5,0.5,1,1,1
pwg,0.5,0.5,0.5,0.5,0.5,0.5,0.5,0.5,0.5,0.5,0.5,0.5,0.5,0.5,0.5,0.5,0.5,0.5,0.5,0.5,0.5,0,0,0.5,0.5,0.5
pwn,1,0,0.5,0,1,0,1,0,0,0,0,1,0,0,1,0,0,0,0,0,1,1,1,1,1,1
pww,1,0,0.5,0,1,0,1,0,0,1,0,1,1,0,1,0.5,0,0,1,0,0,0.5,0.5,1,1,1
pym,1,0,0.5,0,1,0,1,0,0,1,0,1,1,0,1,0.5,0,0,1,0,0,0.5,0.5,1,1,0
qug,0.5,0.5,0.5,0.5,0.5,0.5,0.5,0.5,0.5,0.5,0.5,0.5,0.5,0.5,0.5,0.5,0.5,0.5,0.5,0.5,0.5,0,0,0.5,0.5,0.5
quh,1,0,0.5,0.5,0.5,1,1,0,0,0,0,1,1,0,1,0.5,0,1,0,0,1,0.5,0.5,1,1,0
qui,1,0,0.5,0.5,0.5,1,1,0,0,0,0,1,1,1,0,0.5,0,0,1,1,1,0,0,1,0,1
qvi,0.5,0.5,0.5,0.5,0.5,0.5,0.5,0.5,0.5,0.5,0.5,0.5,0.5,0.5,0.5,0,0.5,0.5,0.5,0.5,0.5,0,0,0.5,0.5,0.5
rap,1,0,0,0,0,0,1,0,0,0,0,0,0,0,1,0,0,0,0,0,0,1,1,0,0,0
rgr,1,0,0.5,0,1,0,1,0,0,0,0,0,0,0,1,0.5,0,0,1,0,0,0.5,0.5,1,0,1
rma,1,0,0.5,0,1,0,1,0,0,0,0,1,1,0,1,0,0,0,0,0,0,1,1,1,0,1
ron,1,0,0.5,0.5,0.5,0,1,0,0,0,0,1,1,0,1,0.5,0,0,0,0,0,0.5,0.5,1,1,1
roo,1,0,0,0,0,0,1,0,0,0,0,0,0,0,0,0.5,0,1,0,0,0,0.5,0.5,0,0,0
rro,1,0,0,0,0,0,1,0,0,0,0,0,0,0,1,0.5,0,0,0,0,0,0.5,0.5,0,0,0
rus,1,0,0.5,0.5,1,0,1,0,0,0,0,1,1,0,1,0,0,0,0,0,0,0,0,1,1,1
rut,1,0,0.5,0.5,1,1,1,0,0,0,0,1,1,0,1,0.5,1,0,1,1,1,0,0,1,1,1
rwo,0.5,0.5,0.5,0.5,0.5,0.5,0.5,0.5,0.5,0.5,0.5,0.5,0.5,0.5,0.5,0.5,0.5,0.5,0.5,0.5,0.5,1,0,0.5,0.5,0.5
sad,1,1,0.5,0,1,1,1,0,0,0,0,1,1,1,1,0.5,0,0,1,0,0,0.5,0.5,1,0,1
sag,1,0,0,0,0,0,1,0,0,1,1,1,1,0,1,1,0,0,1,0,0,0,0,1,1,1
sah,1,0,0.5,0.5,1,0,1,1,0,0,0,1,0,0,1,0.5,0,0,0,0,0,1,0,1,1,1
sbu,0.5,0.5,0.5,0.5,0.5,0.5,0.5,0.5,0.5,0.5,0.5,0.5,0.5,0.5,0.5,0.5,0.5,0.5,0.5,0.5,0.5,1,1,0.5,0.5,0.5
sce,0.5,0.5,0.5,0.5,0.5,0.5,0.5,0.5,0.5,0.5,0.5,0.5,0.5,0.5,0.5,0.5,0.5,0.5,0.5,0.5,0.5,1,0,0.5,0.5,0.5
scs,1,0,0.5,0,1,1,1,0,1,0,0,1,1,1,1,1,0,0,1,0,0,0,0,1,1,0
sed,1,0,0.5,0,1,0,1,0,1,1,0,1,1,0,1,0.5,0,0,0,0,0,1,1,0,0,0
see,1,0,0.5,0.5,0.5,0,1,0,0,0,0,0,0,0,1,1,0,0,0,0,0,0.5,0.5,0,0,0
sef,1,0,0,0,0,0,1,0,0,0,1,1,1,0,1,1,0,0,1,0,0,0.5,0.5,1,1,1
sel,1,0,0.5,0,1,0,1,1,0,0,0,1,1,0,1,0.5,0,0,0.5,0,1,1,0,0,0,0
ses,1,0,0.5,0.5,0.5,0,1,0,0,0,0,1,1,0,1,0.5,0,0,0.5,0,0,1,1,1,0,1
set,1,0,0.5,0.5,0.5,0,1,0,0,0,0,0,0,0,1,0.5,0,0,0.5,0,0,0,0,1,0,1
sgw,0.5,0.5,0.5,0.5,0.5,0.5,0.5,0.5,0.5,0.5,0.5,0.5,0.5,0.5,0.5,0.5,0.5,0.5,0.5,0.5,0.5,0,0,0.5,0.5,0.5
shb,1,0,0.5,0,1,0,1,0,0,0,0,0,0,0,1,0.5,0,0,0,0,0,0.5,0.5,0,0,0
shg,1,1,0.5,0,1,1,1,0,0,1,0,0,0,0,1,0.5,0,0,1,0,0,0.5,0.5,1,0,1
shi,1,0,0.5,0.5,1,0,1,0,0,0,0,1,1,0,1,0.5,1,0,0,0,0,0,0,1,1,1
shn,1,0,0.5,0,1,0,1,0,0,0,0,1,1,0,1,0.5,0,0,1,0,0,0.5,0.5,0,0,0
shp,1,0,0.5,0,1,0,1,0,0,0,0,0,0,0,1,0.5,0,0,0,0,0,0,0,0,0,0
shs,1,0,0.5,0.5,1,1,1,0,1,0,0,1,1,1,1,0.5,0,0,0,1,1,0.5,0.5,0,0,0
sht,1,0,0.5,0,1,1,1,0,0,0,0,0,0,0,1,0.5,0,0,1,0,0,0.5,0.5,0,0,0
shv,0.5,0.5,0.5,0.5,0.5,0.5,0.5,0.5,0.5,0.5,0.5,0.5,0.5,0.5,0.5,0.5,0.5,0.5,0.5,0.5,0.5,0,0,0.5,0.5,0.5
sin,1,0,0.5,0.5,0.5,0,1,0,0,0,0,1,1,0,1,0.5,0,0,0,0,0,0.5,0.5,1,0,1
sja,1,0,0.5,0,1,0,1,0,0,0,0,0,0,0,0,1,0,0,0,0,0,0,0,1,0,1
sjw,0.5,0.5,0.5,0.5,0.5,0.5,0.5,0.5,0.5,0.5,0.5,0.5,0.5,0.5,0.5,0.5,0.5,0.5,0.5,0.5,0.5,0,0,0.5,0.5,0.5
skb,0.5,0.5,0.5,0.5,0.5,0.5,0.5,0.5,0.5,0.5,0.5,0.5,0.5,0.5,0.5,0.5,0.5,0.5,0.5,0.5,0.5,1,1,0.5,0.5,0.5
skd,1,0,0.5,0,1,0,1,0,0,0,0,1,1,0,1,0,0,0,0,0,0,1,0,0,0,0
slc,1,0,0,0,0,0,1,0,0,0,0,1,1,0,1,0.5,0,0,0,0,0,0,0,1,1,1
slr,0.5,0.5,0.5,0.5,0.5,0.5,0.5,0.5,0.5,0.5,0.5,0.5,0.5,0.5,0.5,0.5,0.5,0.5,0.5,0.5,0.5,1,0,0.5,0.5,0.5
slz,1,0,0.5,0,1,0,1,0,0,0,0,1,1,0,1,0.5,0,0,1,0,0,0.5,0.5,1,0,1
sma,1,0,0.5,0.5,1,0,1,0,0,0,0,1,1,0,1,0.5,0,0,0,0,0,0.5,0.5,1,0,1
snd,1,0,0.5,0.5,0.5,0,1,0,0,1,0,1,1,0,1,0.5,0,0,0,0,0,0.5,0.5,1,1,1
snn,1,0,0.5,0.5,0.5,1,1,0,0,0,0,0,0,0,1,0.5,0,0,0.5,0,0,0.5,0.5,0,0,0
snv,1,0,0.5,0.5,1,0,1,0,0,0,0,1,1,0,1,0.5,0,0,0.5,0,0,0.5,0.5,1,0,1
som,1,0,0.5,0,1,0,1,0,0,0,0,1,1,0,1,0.5,1,0,1,0,1,0,0,1,0,1
spa,1,0,0.5,0,1,0,1,0,0,0,0,1,1,0,1,0,0,1,0,0,0,0,0,1,1,0
spl,1,0,0.5,0.5,0.5,0,1,0,0,0,0,1,1,0,1,0.5,0,0,0.5,0,0,0.5,0.5,0,0,0
spp,1,0,0.5,0,1,0,1,0,0,0,0,1,1,0,1,1,0,0,1,0,0,1,1,1,1,1
sqt,1,0,0.5,0.5,1,1,1,0,1,0,0,1,1,0,1,0.5,1,0,0,0,0,0,0,1,1,1
squ,1,0,0.5,0.5,1,1,1,0,1,0,0,1,1,1,1,0,1,0,0,1,1,0,0,0,0,0
srb,1,0,0.5,0,1,0,1,0,0,0,0,1,1,0,1,0.5,0,0,0,0,0,0.5,0.5,1,0,1
srq,1,0,0,0,0,0,1,0,0,0,0,0,0,0,1,0.5,0,0,0,0,0,0.5,0.5,1,0,1
stc,1,0,0.5,0.5,0.5,0,1,1,0,0,0,1,1,0,1,0.5,0,0,0.5,0,0,0.5,0.5,0,0,0
stp,0.5,0.5,0.5,0.5,0.5,0.5,0.5,0.5,0.5,0.5,0.5,0.5,0.5,0.5,0.5,0.5,0.5,0.5,0.5,0.5,0.5,0,0,0.5,0.5,0.5
str,0.5,0.5,0.5,0.5,0.5,0.5,0.5,0.5,0.5,0.5,0.5,0.5,0.5,0.5,0.5,0.5,0.5,0.5,0.5,0.5,0.5,1,0,0.5,0.5,0.5
stt,0.5,0.5,0.5,0.5,0.5,0.5,0.5,0.5,0.5,0.5,0.5,0.5,0.5,0.5,0.5,0.5,0.5,0.5,0.5,0.5,0.5,1,1,0.5,0.5,0.5
sua,0.5,0.5,0.5,0.5,0.5,0.5,0.5,0.5,0.5,0.5,0.5,0.5,0.5,0.5,0.5,0.5,0.5,0.5,0.5,0.5,0.5,1,1,0.5,0.5,0.5
sue,1,0,0,0,0,0,1,0,0,0,0,0,0,0,1,0,0,0,1,0,0,0,0,1,0,1
svs,1,0,0,0,0,0,1,0,0,0,0,1,1,0,1,0.5,0,0,0,0,0,0.5,0.5,1,1,0
swh,1,0,0,0,0,0,1,0,0,0,0,1,1,0,1,0,0,1,0,0,0,1,1,1,1,1
swi,1,0,0.5,0,1,0,1,0,1,1,0,1,1,0,1,0.5,0,0,1,1,1,0.5,0.5,1,1,1
sza,1,0,0.5,0,1,0,1,0,1,0,0,1,1,0,1,1,0,0,0,0,0,1,1,1,0,1
tar,0.5,0.5,0.5,0.5,0.5,0.5,0.5,0.5,0.5,0.5,0.5,0.5,0.5,0.5,0.5,0.5,0.5,0.5,0.5,0.5,0.5,0,0,0.5,0.5,0.5
tat,0.5,0.5,0.5,0.5,0.5,0.5,0.5,0.5,0.5,0.5,0.5,0.5,0.5,0.5,0.5,0.5,0.5,0.5,0.5,0.5,0.5,1,0,0.5,0.5,0.5
tay,1,0,0.5,0.5,0.5,0,1,0,0,0,0,1,1,0,1,0.5,1,0,0,0,1,0.5,0.5,1,1,0
tba,1,0,0.5,0,1,0,1,1,0,0,0,1,0,0,1,0.5,0,0,1,0,0,0,0,1,1,1
tbi,1,0,0.5,0,1,0,1,0,0,0,0,1,1,0,1,0.5,0,1,1,0,0,0.5,0.5,1,0,1
tby,0.5,0.5,0.5,0.5,0.5,0.5,0.5,0.5,0.5,0.5,0.5,0.5,0.5,0.5,0.5,0.5,0.5,0.5,0.5,0.5,0.5,1,1,0.5,0.5,0.5
tca,1,0,0.5,0.5,0.5,0,1,0,0,0,0,0,0,0,1,0.5,0,0,1,0,0,0.5,0.5,1,0,1
tcf,1,0,0.5,0.5,0.5,0,1,0.5,0,0,0,1,1,0,1,0.5,0,0,1,0,0,0,0,1,0,1
tcy,1,0,0.5,0.5,1,0,1,0,0,0,0,1,1,0,1,0.5,0,0,0,0,0,0.5,0.5,1,0,1
tcz,0.5,0.5,0.5,0.5,0.5,0.5,0.5,0.5,0.5,0.5,0.5,0.5,0.5,0.5,0.5,0.5,0.5,0.5,0.5,0.5,0.5,1,1,0.5,0.5,0.5
tea,0.5,0.5,0.5,0.5,0.5,0.5,0.5,0.5,0.5,0.5,0.5,0.5,0.5,0.5,0.5,0.5,0.5,0.5,0.5,0.5,0.5,1,1,0.5,0.5,0.5
teh,1,0,0.5,0.5,0.5,1,1,0,0,0,0,1,1,1,1,0.5,0,0,0,0,1,0,0,1,0,1
tel,1,0,0.5,0,1,0,1,0,0,0,0,1,1,0,1,0.5,0,0,0,0,0,0.5,0.5,1,0,1
tem,1,0,0.5,0.5,1,0,1,0,0,0,1,1,1,0,1,1,0,0,1,0,0,0.5,0.5,1,0,1
teq,1,0,0.5,0,1,0,1,0,0,0,0,1,1,0,1,0.5,0,0,1,0,0,0.5,0.5,1,0,1
tet,1,0,0.5,0.5,1,0,1,0,0,0,0,1,1,0,1,0.5,0,0,0,0,0,0.5,0.5,1,0,1
tew,0.5,0.5,0.5,0.5,0.5,0.5,0.5,0.5,0.5,0.5,0.5,0.5,0.5,0.5,0.5,0.5,0.5,0.5,0.5,0.5,0.5,0,0,0.5,0.5,0.5
tfr,0.5,0.5,0.5,0.5,0.5,0.5,0.5,0.5,0.5,0.5,0.5,0.5,0.5,0.5,0.5,1,0.5,0.5,0.5,0.5,0.5,0.5,0.5,0.5,0.5,0.5
tgc,1,0,0.5,0,1,0,1,0,0,0,0,1,0,1,1,0.5,0,0,0,0,0,0.5,0.5,1,0,1
tge,1,0,0.5,0,1,0,1,0,0,0,0,1,1,0,1,0.5,0,0,1,0,0,0.5,0.5,0,0,0
tgl,1,0,0.5,0,1,0,1,0,0,0,0,1,1,0,1,0,0,0,0,0,0,1,1,1,0,1
tha,1,0,0.5,0,1,0,1,0,0,0,0,1,1,0,1,0,0,0,1,0,0,1,1,1,0,1
thv,1,0,0.5,0.5,1,0,1,0,0,0,0,1,1,0,1,0.5,0,0,0,1,1,0.5,0.5,1,1,1
tig,1,0,0.5,0,1,1,1,0,0,0,0,1,1,0,1,0.5,1,0,0,0,0,0.5,0.5,1,1,1
tik,0.5,0.5,0.5,0.5,0.5,0.5,0.5,0.5,0.5,0.5,0.5,0.5,0.5,0.5,0.5,0,0.5,0.5,0.5,0.5,0.5,0.5,0.5,0.5,0.5,0.5
til,0.5,0.5,0.5,0.5,0.5,0.5,0.5,0.5,0.5,0.5,0.5,0.5,0.5,0.5,0.5,0.5,0.5,0.5,0.5,0.5,0.5,0,0,0.5,0.5,0.5
tin,0.5,0.5,0.5,0.5,0.5,0.5,0.5,0.5,0.5,0.5,0.5,0.5,0.5,0.5,0.5,0.5,0.5,0.5,0.5,0.5,0.5,0,0,0.5,0.5,0.5
tiw,1,0,0.5,0,1,0,1,0,0,0,0,1,1,0,1,0,0,0,0,0,0,1,1,0,0,0
tiy,1,0,0.5,0,1,0,1,0,0,0,0,1,1,0,1,0.5,0,0,0,0,0,0.5,0.5,1,0,1
tli,0,0,0.5,0.5,1,1,1,0,0,0,0,1,0,1,1,0,0,0,1,1,1,0,0,0,0,0
tlo,1,0,0.5,0,1,0,1,0,0,0,0,0,0,0,1,0.5,0,0,1,0,0,0.5,0.5,0,0,0
tma,1,0,0.5,0,1,0,1,0,0,1,0,1,1,0,1,0.5,1,0,1,0,0,0.5,0.5,1,0,1
tmc,0.5,0.5,0.5,0.5,0.5,0.5,0.5,0.5,0.5,0.5,0.5,0.5,0.5,0.5,0.5,1,0.5,0.5,0.5,0.5,0.5,0.5,0.5,0.5,0.5,0.5
tml,1,0,0.5,0,1,0,1,0,0,0,0,0,0,0,1,0,0,0,0,0,0,0,0,0,0,0
tna,1,0,0,0,0,0,1,0,0,0,0,0,0,0,1,0.5,0,1,0,0,0,0,0,1,0,1
tnl,1,0,0.5,0,1,0,1,0,0,0,0,1,1,0,1,0.5,0,0,0,0,0,0.5,0.5,0,0,0
tnm,0.5,0.5,0.5,0.5,0.5,0.5,0.5,0.5,0.5,0.5,0.5,0.5,0.5,0.5,0.5,0,0.5,0.5,0.5,0.5,0.5,0.5,0.5,0.5,0.5,0.5
top,1,0,0.5,0.5,0.5,0,1,0.5,0,0,0,1,1,1,1,0.5,0,0,0,0,1,0.5,0.5,0,0,0
tpm,1,0,0.5,0.5,1,0,1,0,0,0,1,1,1,0,1,0.5,0,0,1,0,0,0.5,0.5,1,1,1
tpq,0.5,0.5,0.5,0.5,0.5,0.5,0.5,0.5,0.5,0.5,0.5,0.5,0.5,0.5,0.5,0.5,0.5,0.5,0.5,0.5,0.5,1,1,0.5,0.5,0.5
tpy,1,0,0.5,0,1,1,1,0,0,0,0,1,1,1,1,0,0,0,0,0,0,0,0,1,0,1
tqo,1,0,0,0,0,0,1,0,0,0,0,1,1,0,1,0.5,0,0,0,0,0,0.5,0.5,0,0,0
tqw,1,0,0.5,0,1,0,1,0,0,0,0,1,1,0,1,0.5,0,0,0,0,0,0.5,0.5,0,0,0
trg,1,0,0.5,0.5,1,0,1,0,0,0,0,1,1,0,1,0.5,0,0,0,1,1,0.5,0.5,1,1,1
tsg,1,0,0.5,0,1,0,1,0,0,0,0,1,1,0,1,0.5,0,0,0,0,0,0.5,0.5,1,0,1
tsi,1,0,0.5,0.5,1,1,1,0,1,0,0,1,1,1,1,0,0,0,0,0,1,0,0,1,0,1
tsu,1,0,0.5,0.5,1,0,1,0,0,1,0,0,0,0,1,0.5,0,0,0,0,0,0.5,0.5,1,1,0
tsz,1,0,0.5,0,1,0,1,0,0,0,0,1,1,0,1,0.5,0,0,0,0,0,0.5,0.5,1,0,1
ttc,0.5,0.5,0.5,0.5,0.5,0.5,0.5,0.5,0.5,0.5,0.5,0.5,0.5,0.5,0.5,0.5,0.5,0.5,0.5,0.5,0.5,0,0,0.5,0.5,0.5
ttr,1,0,0.5,0,1,0,1,0,0,1,0,1,1,1,1,0.5,0,0,1,0,0,0.5,0.5,1,1,1
tub,0.5,0.5,0.5,0.5,0.5,0.5,0.5,0.5,0.5,0.5,0.5,0.5,0.5,0.5,0.5,0.5,0.5,0.5,0.5,0.5,0.5,1,0,0.5,0.5,0.5
tuk,0.5,0.5,0.5,0.5,0.5,0.5,0.5,0.5,0.5,0.5,0.5,0.5,0.5,0.5,0.5,0.5,0.5,0.5,0.5,0.5,0.5,1,0,0.5,0.5,0.5
tun,1,0,0.5,0.5,0.5,0,1,0,0,0,0,1,1,0,1,0,0,0,0.5,0,0,0,0,1,0,1
tur,1,0,0.5,0,1,0,1,1,0,0,0,1,1,0,1,0,0,0,0,0,0,0,0,1,1,1
tvo,0.5,0.5,0.5,0.5,0.5,0.5,0.5,0.5,0.5,0.5,0.5,0.5,0.5,0.5,0.5,0.5,0.5,0.5,0.5,0.5,0.5,1,1,0.5,0.5,0.5
twf,1,0,0.5,0.5,0.5,1,1,0,0,0,0,1,1,1,1,0.5,0,0,1,0,0,0,0,1,0,1
tyv,1,0,0.5,0.5,1,0,1,1,0,0,0,1,1,0,1,0.5,0,0,0,0,0,1,0,1,0,1
tzh,1,0,0.5,0.5,1,1,1,0,0,0,0,1,1,0,1,0.5,0,0,0,0,0,0.5,0.5,1,0,1
tzm,1,0,0.5,0.5,1,0,1,0,0,0,0,1,1,0,1,0,1,0,0,0,1,0,0,1,1,1
ubu,0.5,0.5,0.5,0.5,0.5,0.5,0.5,0.5,0.5,0.5,0.5,0.5,0.5,0.5,0.5,0,0.5,0.5,0.5,0.5,0.5,0.5,0.5,0.5,0.5,0.5
uby,0.5,0.5,0.5,0.5,0.5,0.5,0.5,0.5,0.5,0.5,0.5,0.5,0.5,0.5,0.5,0.5,0.5,0.5,0.5,0.5,0.5,0,0,0.5,0.5,0.5
ude,0.5,0.5,0.5,0.5,0.5,0.5,0.5,0.5,0.5,0.5,0.5,0.5,0.5,0.5,0.5,0.5,0.5,0.5,0.5,0.5,0.5,1,1,0.5,0.5,0.5
udi,0.5,0.5,0.5,0.5,0.5,0.5,0.5,0.5,0.5,0.5,0.5,0.5,0.5,0.5,0.5,0.5,0.5,0.5,0.5,0.5,0.5,0,0,0.5,0.5,0.5
uig,0.5,0.5,0.5,0.5,0.5,0.5,0.5,0.5,0.5,0.5,0.5,0.5,0.5,0.5,0.5,0.5,0.5,0.5,0.5,0.5,0.5,1,0,0.5,0.5,0.5
ulc,0.5,0.5,0.5,0.5,0.5,0.5,0.5,0.5,0.5,0.5,0.5,0.5,0.5,0.5,0.5,0.5,0.5,0.5,0.5,0.5,0.5,1,1,0.5,0.5,0.5
umb,1,0,0,0,0,0,1,0,0,0,0,1,1,0,1,0.5,0,0,1,0,0,0.5,0.5,1,1,0
ung,1,0,0.5,0,1,0,0,0,0,0,0,1,1,0,1,0,0,0,0,0,0,1,1,0,0,0
unr,1,0,0.5,0,1,0,1,0,0,0,0,1,1,0,1,1,0,0,0,0,0,1,0,1,0,1
urb,1,0,0.5,0,1,0,1,0,0,0,0,0,0,0,1,1,0,0,0,0,0,1,0,0,0,0
ute,0.5,0.5,0.5,0.5,0.5,0.5,0.5,0.5,0.5,0.5,0.5,0.5,0.5,0.5,0.5,0.5,0.5,0.5,0.5,0.5,0.5,1,0,0.5,0.5,0.5
uum,0.5,0.5,0.5,0.5,0.5,0.5,0.5,0.5,0.5,0.5,0.5,0.5,0.5,0.5,0.5,0.5,0.5,0.5,0.5,0.5,0.5,1,0,0.5,0.5,0.5
uzn,0.5,0.5,0.5,0.5,0.5,0.5,0.5,0.5,0.5,0.5,0.5,0.5,0.5,0.5,0.5,0.5,0.5,0.5,0.5,0.5,0.5,1,0,0.5,0.5,0.5
vai,0.5,0.5,0.5,0.5,0.5,0.5,0.5,0.5,0.5,0.5,0.5,0.5,0.5,0.5,0.5,0.5,0.5,0.5,0.5,0.5,0.5,1,1,0.5,0.5,0.5
vam,1,0,0.5,0.5,0.5,0,1,0,0,0,0,1,1,0,1,0.5,0,0,1,0,0,0.5,0.5,1,0,1
vay,0.5,0.5,0.5,0.5,0.5,0.5,0.5,0.5,0.5,0.5,0.5,0.5,0.5,0.5,0.5,1,0.5,0.5,0.5,0.5,0.5,0.5,0.5,0.5,0.5,0.5
vie,1,0,0.5,0,1,0,1,0,0,1,0,1,1,0,1,0,0,0,1,0,0,1,1,1,1,0
vma,1,0,0.5,0,1,0,0,0,0,0,0,1,1,0,1,0,0,0,0,0,0,1,1,0,0,0
wao,1,0,0.5,0.5,0.5,1,1,0,1,0,0,1,1,0,1,0.5,0,0,0,0,0,0,0,1,0,1
wap,1,0,0.5,0,1,0,1,0,0,1,0,0,0,0,1,0.5,0,0,0,0,0,0.5,0.5,1,0,1
was,0.5,0.5,0.5,0.5,0.5,0.5,0.5,0.5,0.5,0.5,0.5,0.5,0.5,0.5,0.5,0.5,0.5,0.5,0.5,0.5,0.5,1,1,0.5,0.5,0.5
wba,1,0,0,0,0,0,1,0,0,0,0,1,0,0,1,1,0,0,0,0,0,0,0,0,0,0
wca,0.5,0.5,0.5,0.5,0.5,0.5,0.5,0.5,0.5,0.5,0.5,0.5,0.5,0.5,0.5,0.5,0.5,0.5,0.5,0.5,0.5,0,0,0.5,0.5,0.5
wem,0.5,0.5,0.5,0.5,0.5,0.5,0.5,0.5,0.5,0.5,0.5,0.5,0.5,0.5,0.5,1,0.5,0.5,0.5,0.5,0.5,0.5,0.5,0.5,0.5,0.5
whg,1,0,0.5,0,1,0,0,0,0,0,0,1,1,0,1,0.5,0,0,1,0,0,0.5,0.5,0,0,0
wic,0,0,0.5,0.5,0.5,1,1,0,1,0,0,0,0,0,1,0,0,0,0,0,0,0,0,0,0,0
wim,1,0,0.5,0,1,0,0,0,0,0,0,1,1,0,1,0.5,0,0,0,0,0,0.5,0.5,0,0,0
win,0.5,0.5,0.5,0.5,0.5,0.5,0.5,0.5,0.5,0.5,0.5,0.5,0.5,0.5,0.5,0.5,0.5,0.5,0.5,0.5,0.5,0,0,0.5,0.5,0.5
wit,1,0,0.5,0,1,1,1,0,0,0,0,1,1,1,1,0.5,0,0,0,1,1,0,0,1,0,1
wiy,1,0,0.5,0.5,0.5,0,1,0,0,0,0,1,1,1,1,0.5,0,0,0,0,0,0.5,0.5,0,0,0
wmb,1,0,0.5,0,1,0,0,0,0,0,0,1,1,0,1,0,0,0,0,0,0,1,1,0,0,0
wnc,1,0,0.5,0,1,0,1,0,0,0,0,0,0,0,1,0.5,0,0,0,0,0,0.5,0.5,0,0,0
wnu,1,0,0.5,0,1,0,1,0,0,0,0,0,0,0,1,0,0,0,0,0,0,0,0,1,0,1
woi,1,0,0.5,0,1,0,1,0,0,0,0,1,1,0,1,0.5,0,0,0,0,0,0.5,0.5,1,0,1
wol,1,0,0.5,0.5,1,0,1,0,0,0,0,1,1,0,1,0,0,0,0,0,0,0.5,0.5,1,0,1
wrr,1,0,0.5,0.5,1,0,0,0,0,0,0,1,1,0,1,0,0,0,0,0,0,1,1,0,0,0
wrs,1,0,0.5,0,1,0,1,0,0,0,0,1,1,0,1,0.5,0,0,0.5,0,0,0.5,0.5,0,0,0
wrz,1,0,0.5,0.5,0.5,0,0,0,0,0,0,1,1,0,1,0.5,0,0,0,0,0,0.5,0.5,0,0,0
wsa,0.5,0.5,0.5,0.5,0.5,0.5,0.5,0.5,0.5,0.5,0.5,0.5,0.5,0.5,0.5,0.5,0.5,0.5,0.5,0.5,0.5,0,0,0.5,0.5,0.5
wti,1,0,0.5,0,1,1,1,0,0,0,0,1,1,0,1,0.5,0,1,1,0,0,0.5,0.5,0,0,0
wuu,1,0,0.5,0.5,0.5,0,1,1,0,0,0,1,1,0,1,0.5,0,0,1,0,0,0.5,0.5,1,1,0
wyb,1,0,0.5,0,1,0,1,0,0,0,0,1,1,0,1,0,0,1,0,0,0,1,1,0,0,0
xal,0.5,0.5,0.5,0.5,0.5,0.5,0.5,0.5,0.5,0.5,0.5,0.5,0.5,0.5,0.5,0.5,0.5,0.5,0.5,0.5,0.5,1,0,0.5,0.5,0.5
xav,0.5,0.5,0.5,0.5,0.5,0.5,0.5,0.5,0.5,0.5,0.5,0.5,0.5,0.5,0.5,0.5,0.5,0.5,0.5,0.5,0.5,0,0,0.5,0.5,0.5
xaw,1,0,0.5,0.5,0.5,0,1,0,0,0,0,1,1,0,1,0.5,0,0,0,0,0,0,0,1,0,1
xch,0.5,0.5,0.5,0.5,0.5,0.5,0.5,0.5,0.5,0.5,0.5,0.5,0.5,0.5,0.5,0.5,0.5,0.5,0.5,0.5,0.5,0,0,0.5,0.5,0.5
xom,1,0,0.5,0,1,1,1,0,0,1,0,1,1,0,1,0.5,0,0,1,0,0,0.5,0.5,1,0,1
xpe,1,0,0.5,0,1,0,1,0,0,1,1,1,1,0,1,0.5,0,0,1,0,0,0.5,0.5,1,1,1
xra,1,0,0.5,0.5,1,0,1,0,0,0,0,1,1,0,1,0.5,0,0,0,0,0,1,1,0,0,0
xsu,1,0,0.5,0,1,0,1,0,0,0,0,0,0,0,1,1,0,0,0,0,0,0,0,0,0,0
xtc,1,0,0.5,0,1,0,1,0,0,1,0,1,1,0,1,0.5,0,0,1,0,0,0.5,0.5,1,1,1
yad,1,0,0.5,0,1,0,0,0,0,0,0,0,0,0,1,1,0,0,1,0,0,0,0,0,0,0
yap,1,0,0.5,0,1,1,1,0,1,0,0,1,1,0,1,0.5,0,1,0,0,0,0.5,0.5,1,0,1
yaq,1,0,0.5,0,1,0,1,0,0,0,0,1,1,0,1,0,0,0,1,0,0,0,0,1,0,1
ybb,0.5,0.5,0.5,0.5,0.5,0.5,0.5,0.5,0.5,0.5,0.5,0.5,0.5,0.5,0.5,0,0.5,0.5,0.5,0.5,0.5,0.5,0.5,0.5,0.5,0.5
ybe,0.5,0.5,0.5,0.5,0.5,0.5,0.5,0.5,0.5,0.5,0.5,0.5,0.5,0.5,0.5,0.5,0.5,0.5,0.5,0.5,0.5,1,0,0.5,0.5,0.5
ycn,1,0,0.5,0,1,0,1,0,0,0,0,1,0,0,1,0.5,0,0,0,0,0,0.5,0.5,0,0,0
yee,1,0,0.5,0,1,0,0,0,0,0,0,1,1,0,1,0,0,0,0,0,0,1,1,0,0,0
yer,1,0,0.5,0,1,0,1,0,0,1,1,1,1,0,1,0.5,0,0,1,0,0,0.5,0.5,1,1,1
yey,1,1,0.5,0,1,1,1,0,0,0,0,1,0,0,1,0.5,0,0,1,0,0,0.5,0.5,1,1,1
ygr,1,0,0.5,0.5,1,0,1,0,0,1,0,1,0,0,1,0.5,0,0,1,0,0,0.5,0.5,1,0,1
yii,1,0,0.5,0,1,0,0,0,0,0,0,1,1,0,1,0,0,0,0,0,0,1,1,0,0,0
ykg,1,0,0.5,0.5,1,0,1,1,0,0,0,1,1,0,1,0.5,0,0,0,1,1,0.5,0.5,1,0,1
yle,1,0,0,0,0,0,0,0,0,0,1,1,1,0,1,0.5,0,0,0,0,0,0.5,0.5,0,0,0
ynn,1,0,0.5,0.5,0.5,1,1,0,0,0,0,1,1,0,1,0.5,0,0,0,0,0,0.5,0.5,1,0,1
yok,0.5,0.5,0.5,0.5,0.5,0.5,0.5,0.5,0.5,0.5,0.5,0.5,0.5,0.5,0.5,0.5,0.5,0.5,0.5,0.5,0.5,1,1,0.5,0.5,0.5
yor,1,0,0,0,0,0,1,0,0,0,1,1,1,0,1,1,0,0,1,0,0,0,0,1,0,1
yrb,1,0,0,0,0,0,1,0,0,0,0,0,0,0,1,0.5,0,0,0,0,0,0.5,0.5,1,0,1
yrk,1,0,0.5,0.5,1,0,1,0,0,0,0,1,1,0,1,0,1,1,0,0,0,1,1,1,0,1
ysr,0.5,0.5,0.5,0.5,0.5,0.5,0.5,0.5,0.5,0.5,0.5,0.5,0.5,0.5,0.5,0.5,0.5,0.5,0.5,0.5,0.5,1,0,0.5,0.5,0.5
yss,1,0,0.5,0,1,0,1,0,0,0,0,1,1,0,1,0.5,0,0,0,0,0,0.5,0.5,0,0,0
yua,1,0,0.5,0.5,0.5,1,1,0,0,1,0,1,1,0,1,0.5,0,0,1,0,0,0.5,0.5,0,0,0
yuc,1,0,0.5,0.5,0.5,1,1,0,1,0,0,1,1,1,1,1,0,0,0,0,0,0,0,1,0,1
yue,1,0,0.5,0,1,0,1,1,0,0,0,1,1,0,1,0.5,0,0,1,0,0,1,1,0,0,0
yuf,0.5,0.5,0.5,0.5,0.5,0.5,0.5,0.5,0.5,0.5,0.5,0.5,0.5,0.5,0.5,0.5,0.5,0.5,0.5,0.5,0.5,1,0,0.5,0.5,0.5
yuk,0.5,0.5,0.5,0.5,0.5,0.5,0.5,0.5,0.5,0.5,0.5,0.5,0.5,0.5,0.5,0.5,0.5,0.5,0.5,0.5,0.5,0,0,0.5,0.5,0.5
yul,1,0,0.5,0,1,0,1,0,0,1,1,1,1,0,1,0.5,0,0,1,0,0,0.5,0.5,1,1,1
yup,0.5,0.5,0.5,0.5,0.5,0.5,0.5,0.5,0.5,0.5,0.5,0.5,0.5,0.5,0.5,1,0.5,0.5,0.5,0.5,0.5,0,0,0.5,0.5,0.5
yur,1,0,0.5,0.5,1,1,1,0,1,0,0,1,1,1,1,0,0,0,0,0,0,0,0,0,0,0
yuu,0.5,0.5,0.5,0.5,0.5,0.5,0.5,0.5,0.5,0.5,0.5,0.5,0.5,0.5,0.5,0.5,0.5,0.5,0.5,0.5,0.5,1,0,0.5,0.5,0.5
yux,1,0,0.5,0,1,0,1,1,0,0,0,1,1,0,1,0,0,0,0,1,1,1,1,1,0,1
yuz,0.5,0.5,0.5,0.5,0.5,0.5,0.5,0.5,0.5,0.5,0.5,0.5,0.5,0.5,0.5,0.5,0.5,0.5,0.5,0.5,0.5,0,0,0.5,0.5,0.5
yva,1,0,0.5,0,1,0,1,0,0,0,0,0,0,0,1,0.5,0,0,0,0,0,0.5,0.5,1,0,1
zmr,1,0,0.5,0.5,1,0,0,0,0,0,0,1,1,0,1,0,0,0,0,0,0,0.5,0.5,0,0,0
zne,1,0,0.5,0.5,0.5,0,1,0,0,0,1,1,0,0,1,0.5,0,0,1,0,0,0.5,0.5,1,1,1
zoc,1,0,0.5,0.5,1,0,1,0,0,0,0,1,1,0,1,0.5,0,0,0,0,0,1,0,0,0,0
zul,1,1,0.5,0,1,1,1,0,0,1,0,1,1,1,1,0,0,0,1,0,0,0.5,0.5,1,1,0
zun,1,0,0.5,0,1,1,1,0,0,0,0,1,1,1,1,0.5,0,0,0,0,0,0,0,0,0,0
